2026-03-05 05:45:47,795 - Knowledge - INFO - Created shared MongoDB connection pool
2026-03-05 05:45:48,137 - Knowledge - INFO - Starting Knowledge Graph processing with 20 threads
2026-03-05 05:45:48,365 - Knowledge - INFO - Initial configuration: chunk_size=65536, max_cache_size=500
2026-03-05 05:45:48,530 - Knowledge - INFO - Knowledge Graph concurrency configuration: workers=20, max_batch_size=10, max_concurrent_llm_calls=50
2026-03-05 05:45:50,281 - Knowledge - INFO - 🔍 _load_persisted_knowledge called - checking for Redis optimization
2026-03-05 05:45:50,496 - Knowledge - WARNING - ❌ load_from_redis method not found - Redis support not attached
2026-03-05 05:45:50,708 - Knowledge - INFO - load persisted knowledge: begin
2026-03-05 05:45:50,908 - Knowledge - INFO - Loaded 0 files from persisted knowledge
2026-03-05 05:45:51,083 - Knowledge - INFO - load persisted knowledge: end
2026-03-05 05:45:51,243 - Knowledge - WARNING - No persisted knowledge found. Files will be queued during start()
2026-03-05 05:45:51,428 - Knowledge - INFO - Redis support added with prefix knowledge:b993900:
2026-03-05 05:45:51,953 - Knowledge - INFO - Starting knowledge initialization for ID: 42xqwG-b993900
2026-03-05 05:45:52,114 - Knowledge - INFO - 🔍 Checking Redis for build_id: b993900
2026-03-05 05:45:52,317 - Knowledge - INFO - 🔍 Full session ID: 42xqwG-b993900
2026-03-05 05:45:52,518 - Knowledge - INFO - 🔍 Redis prefix will be: knowledge:b993900:
2026-03-05 05:45:52,704 - Knowledge - INFO - 🔍 Using attached load_from_redis() method
2026-03-05 05:45:52,927 - Knowledge - INFO - 🔍 Attempting to load knowledge from Redis...
2026-03-05 05:45:53,117 - Knowledge - INFO - 🔍 Using derived instance_id for Redis lookup: b993900
2026-03-05 05:45:53,347 - Knowledge - WARNING - ❌ No Redis cache found
2026-03-05 05:45:53,556 - Knowledge - INFO - 📁 Loading knowledge from disk...
2026-03-05 05:45:53,809 - Knowledge - INFO - load persisted docinfo: begin
2026-03-05 05:45:53,990 - Knowledge - INFO - load persisted docinfo: end
2026-03-05 05:45:54,181 - Knowledge - INFO - 🔍 _load_persisted_knowledge called - checking for Redis optimization
2026-03-05 05:45:54,391 - Knowledge - INFO - ✅ load_from_redis method found - attempting Redis load
2026-03-05 05:45:54,564 - Knowledge - INFO - 🔍 Attempting to load knowledge from Redis...
2026-03-05 05:45:54,766 - Knowledge - INFO - 🔍 Using derived instance_id for Redis lookup: b993900
2026-03-05 05:45:54,962 - Knowledge - WARNING - ❌ No Redis cache found
2026-03-05 05:45:55,155 - Knowledge - INFO - ❌ Redis load returned False - falling back to file loading
2026-03-05 05:45:55,338 - Knowledge - INFO - load persisted knowledge: begin
2026-03-05 05:45:55,519 - Knowledge - INFO - Loaded 0 files from persisted knowledge
2026-03-05 05:45:55,701 - Knowledge - INFO - load persisted knowledge: end
2026-03-05 05:45:55,903 - Knowledge - INFO - 📁 Disk load complete in 2.14s
2026-03-05 05:45:56,063 - Knowledge - INFO - Populating ingest queue with source files...
2026-03-05 05:45:56,460 - Knowledge - INFO - Added 366 files from /app/data/T0015/329127/b993900/tr69hostif-329127 to ingest queue
2026-03-05 05:45:56,648 - Knowledge - INFO - [WEBSOCKET] Sent: Type=progress_update, Size: 160, Duration: 0ms
2026-03-05 05:45:56,804 - Knowledge - INFO - Worker kw1 created using shared MongoDB connection pool
2026-03-05 05:45:57,020 - Knowledge - INFO - knowledge worker kw1 start
2026-03-05 05:45:57,020 - Knowledge - INFO - Worker kw2 created using shared MongoDB connection pool
2026-03-05 05:45:57,229 - Knowledge - INFO - [kw1] Queue=366, InProgress=0, PendingWorkers=0/1, Completed=0/366 (0.0%)
2026-03-05 05:45:57,322 - Knowledge - INFO - knowledge worker kw2 start
2026-03-05 05:45:57,322 - Knowledge - INFO - Worker kw3 created using shared MongoDB connection pool
2026-03-05 05:45:57,435 - Knowledge - INFO - Batch sizing: calculated=6, max_allowed=10, queue=366, active_workers=0/2
2026-03-05 05:45:57,527 - Knowledge - INFO - [kw2] Queue=366, InProgress=0, PendingWorkers=0/2, Completed=0/366 (0.0%)
2026-03-05 05:45:57,657 - Knowledge - INFO - knowledge worker kw3 start
2026-03-05 05:45:57,657 - Knowledge - INFO - Worker kw4 created using shared MongoDB connection pool
2026-03-05 05:45:57,738 - Knowledge - INFO - Worker kw1 processing /app/data/T0015/329127/b993900/tr69hostif-329127/test/functional-tests/tests/tr69hostif_deviceip.py
2026-03-05 05:45:57,859 - Knowledge - INFO - Batch sizing: calculated=6, max_allowed=10, queue=366, active_workers=1/3
2026-03-05 05:45:57,960 - Knowledge - INFO - [kw3] Queue=360, InProgress=0, PendingWorkers=1/3, Completed=0/366 (0.0%)
2026-03-05 05:45:58,077 - Knowledge - INFO - knowledge worker kw4 start
2026-03-05 05:45:58,077 - Knowledge - INFO - Worker kw5 created using shared MongoDB connection pool
2026-03-05 05:45:58,189 - Knowledge - INFO - Fast-tracked /app/data/T0015/329127/b993900/tr69hostif-329127/test/functional-tests/tests/tr69hostif_deviceip.py (ext=.py, size=7124)
2026-03-05 05:45:58,278 - Knowledge - INFO - Worker kw2 processing /app/data/T0015/329127/b993900/tr69hostif-329127/test/functional-tests/tests/test_handlers_communications.py
2026-03-05 05:45:58,383 - Knowledge - INFO - Batch sizing: calculated=6, max_allowed=10, queue=360, active_workers=2/4
2026-03-05 05:45:58,492 - Knowledge - INFO - [kw4] Queue=354, InProgress=0, PendingWorkers=2/4, Completed=0/366 (0.0%)
2026-03-05 05:45:58,589 - Knowledge - INFO - knowledge worker kw5 start
2026-03-05 05:45:58,589 - Knowledge - INFO - Worker kw6 created using shared MongoDB connection pool
2026-03-05 05:45:58,683 - Knowledge - INFO - Worker kw1 processing /app/data/T0015/329127/b993900/tr69hostif-329127/test/functional-tests/tests/basic_constants.py
2026-03-05 05:45:58,779 - Knowledge - INFO - Fast-tracked /app/data/T0015/329127/b993900/tr69hostif-329127/test/functional-tests/tests/test_handlers_communications.py (ext=.py, size=8500)
2026-03-05 05:45:58,877 - Knowledge - INFO - Worker kw3 processing /app/data/T0015/329127/b993900/tr69hostif-329127/src/unittest/stubs/mfr_temperature.h
2026-03-05 05:45:58,990 - Knowledge - INFO - Batch sizing: calculated=6, max_allowed=10, queue=354, active_workers=3/5
2026-03-05 05:45:59,069 - Knowledge - INFO - [kw5] Queue=348, InProgress=0, PendingWorkers=3/5, Completed=0/366 (0.0%)
2026-03-05 05:45:59,162 - Knowledge - INFO - knowledge worker kw6 start
2026-03-05 05:45:59,162 - Knowledge - INFO - Worker kw7 created using shared MongoDB connection pool
2026-03-05 05:45:59,288 - Knowledge - INFO - Fast-tracked /app/data/T0015/329127/b993900/tr69hostif-329127/test/functional-tests/tests/basic_constants.py (ext=.py, size=2034)
2026-03-05 05:45:59,378 - Knowledge - INFO - Worker kw2 processing /app/data/T0015/329127/b993900/tr69hostif-329127/cov_build.sh
2026-03-05 05:45:59,483 - Knowledge - INFO - Worker kw3 processing /app/data/T0015/329127/b993900/tr69hostif-329127/src/unittest/stubs/secure_wrapper.c
2026-03-05 05:45:59,581 - Knowledge - INFO - Worker kw4 processing /app/data/T0015/329127/b993900/tr69hostif-329127/src/unittest/stubs/rbus/src/rbus/rbus_subscriptions.h
2026-03-05 05:45:59,670 - Knowledge - INFO - Batch sizing: calculated=6, max_allowed=10, queue=348, active_workers=4/6
2026-03-05 05:45:59,804 - Knowledge - INFO - [kw6] Queue=342, InProgress=0, PendingWorkers=4/6, Completed=0/366 (0.0%)
2026-03-05 05:45:59,887 - Knowledge - INFO - knowledge worker kw7 start
2026-03-05 05:45:59,887 - Knowledge - INFO - Worker kw8 created using shared MongoDB connection pool
2026-03-05 05:45:59,970 - Knowledge - INFO - Worker kw1 processing /app/data/T0015/329127/b993900/tr69hostif-329127/test/functional-tests/tests/tr69hostif_webpa.py
2026-03-05 05:46:00,085 - Knowledge - INFO - Worker kw2 processing /app/data/T0015/329127/b993900/tr69hostif-329127/scripts/validateDataModel.py
2026-03-05 05:46:00,170 - Knowledge - INFO - Worker kw3 processing /app/data/T0015/329127/b993900/tr69hostif-329127/src/unittest/stubs/remote_debugger.json
2026-03-05 05:46:00,272 - Knowledge - INFO - Worker kw4 processing /app/data/T0015/329127/b993900/tr69hostif-329127/src/unittest/stubs/rbus/src/rbus/rbus_tokenchain.h
2026-03-05 05:46:00,362 - Knowledge - INFO - Worker kw5 processing /app/data/T0015/329127/b993900/tr69hostif-329127/src/unittest/stubs/rbus/src/rbus/rbus_element.h
2026-03-05 05:46:00,446 - Knowledge - INFO - Batch sizing: calculated=6, max_allowed=10, queue=342, active_workers=5/7
2026-03-05 05:46:00,556 - Knowledge - INFO - [kw7] Queue=336, InProgress=0, PendingWorkers=5/7, Completed=0/366 (0.0%)
2026-03-05 05:46:00,649 - Knowledge - INFO - knowledge worker kw8 start
2026-03-05 05:46:00,649 - Knowledge - INFO - Worker kw9 created using shared MongoDB connection pool
2026-03-05 05:46:00,737 - Knowledge - INFO - Fast-tracked /app/data/T0015/329127/b993900/tr69hostif-329127/test/functional-tests/tests/tr69hostif_webpa.py (ext=.py, size=15604)
2026-03-05 05:46:00,849 - Knowledge - INFO - Fast-tracked /app/data/T0015/329127/b993900/tr69hostif-329127/scripts/validateDataModel.py (ext=.py, size=1973)
2026-03-05 05:46:00,940 - Knowledge - INFO - Fast-tracked /app/data/T0015/329127/b993900/tr69hostif-329127/src/unittest/stubs/remote_debugger.json (ext=.json, size=1869)
2026-03-05 05:46:01,025 - Knowledge - INFO - Fast-tracked /app/data/T0015/329127/b993900/tr69hostif-329127/src/unittest/stubs/rbus/src/rbus/rbus_tokenchain.h (ext=.h, size=1802)
2026-03-05 05:46:01,119 - Knowledge - INFO - Worker kw5 processing /app/data/T0015/329127/b993900/tr69hostif-329127/src/unittest/stubs/rbus/src/rbus/rbus_config.h
2026-03-05 05:46:01,205 - Knowledge - INFO - Worker kw6 processing /app/data/T0015/329127/b993900/tr69hostif-329127/src/unittest/stubs/rbus/src/core/rbuscore_types.h
2026-03-05 05:46:01,282 - Knowledge - INFO - Batch sizing: calculated=6, max_allowed=10, queue=336, active_workers=6/8
2026-03-05 05:46:01,409 - Knowledge - INFO - [kw8] Queue=330, InProgress=0, PendingWorkers=6/8, Completed=0/366 (0.0%)
2026-03-05 05:46:01,490 - Knowledge - INFO - knowledge worker kw9 start
2026-03-05 05:46:01,490 - Knowledge - INFO - Worker kw10 created using shared MongoDB connection pool
2026-03-05 05:46:01,631 - Knowledge - INFO - Worker kw1 processing /app/data/T0015/329127/b993900/tr69hostif-329127/test/functional-tests/tests/test_bootup_sequence.py
2026-03-05 05:46:01,729 - Knowledge - INFO - Worker kw2 processing /app/data/T0015/329127/b993900/tr69hostif-329127/src/unittest/stubs/mfrTypes.h
2026-03-05 05:46:01,842 - Knowledge - INFO - Worker kw3 processing /app/data/T0015/329127/b993900/tr69hostif-329127/src/unittest/stubs/libIBusDaemon.h
2026-03-05 05:46:01,935 - Knowledge - INFO - Worker kw4 processing /app/data/T0015/329127/b993900/tr69hostif-329127/src/unittest/stubs/rbus/src/rbus/rbus_handle.h
2026-03-05 05:46:02,028 - Knowledge - INFO - Fast-tracked /app/data/T0015/329127/b993900/tr69hostif-329127/src/unittest/stubs/rbus/src/rbus/rbus_config.h (ext=.h, size=1629)
2026-03-05 05:46:02,130 - Knowledge - INFO - Worker kw6 processing /app/data/T0015/329127/b993900/tr69hostif-329127/src/unittest/stubs/rbus/src/rtmessage/rtSemaphore.h
2026-03-05 05:46:02,211 - Knowledge - INFO - Worker kw7 processing /app/data/T0015/329127/b993900/tr69hostif-329127/src/unittest/stubs/rbus/src/rtmessage/rtMessageHeader.h
2026-03-05 05:46:02,329 - Knowledge - INFO - Batch sizing: calculated=6, max_allowed=10, queue=330, active_workers=7/9
2026-03-05 05:46:02,417 - Knowledge - INFO - [kw9] Queue=324, InProgress=0, PendingWorkers=7/9, Completed=0/366 (0.0%)
2026-03-05 05:46:02,545 - Knowledge - INFO - knowledge worker kw10 start
2026-03-05 05:46:02,546 - Knowledge - INFO - Worker kw11 created using shared MongoDB connection pool
2026-03-05 05:46:02,637 - Knowledge - INFO - Fast-tracked /app/data/T0015/329127/b993900/tr69hostif-329127/test/functional-tests/tests/test_bootup_sequence.py (ext=.py, size=9835)
2026-03-05 05:46:02,765 - Knowledge - INFO - Worker kw2 processing /app/data/T0015/329127/b993900/tr69hostif-329127/src/unittest/stubs/libIBus.h
2026-03-05 05:46:02,885 - Knowledge - INFO - Worker kw3 processing /app/data/T0015/329127/b993900/tr69hostif-329127/src/unittest/stubs/rbus/src/rbus/rbus_valuechange.h
2026-03-05 05:46:02,973 - Knowledge - INFO - Worker kw4 processing /app/data/T0015/329127/b993900/tr69hostif-329127/src/unittest/stubs/rbus/src/rbus/rbus_log.h
2026-03-05 05:46:03,086 - Knowledge - INFO - Worker kw5 processing /app/data/T0015/329127/b993900/tr69hostif-329127/src/unittest/stubs/rbus/src/session_manager/rbus_session_mgr.h
2026-03-05 05:46:03,179 - Knowledge - INFO - Worker kw6 processing /app/data/T0015/329127/b993900/tr69hostif-329127/src/unittest/stubs/rbus/src/rtmessage/rtList.h
2026-03-05 05:46:03,290 - Knowledge - INFO - Worker kw7 processing /app/data/T0015/329127/b993900/tr69hostif-329127/src/unittest/stubs/rbus/src/rtmessage/rtBuffer.h
2026-03-05 05:46:03,368 - Knowledge - INFO - Worker kw8 processing /app/data/T0015/329127/b993900/tr69hostif-329127/src/unittest/stubs/rbus/src/rtmessage/rtHashMap.h
2026-03-05 05:46:03,461 - Knowledge - INFO - Batch sizing: calculated=6, max_allowed=10, queue=324, active_workers=8/10
2026-03-05 05:46:03,545 - Knowledge - INFO - [kw10] Queue=318, InProgress=0, PendingWorkers=8/10, Completed=0/366 (0.0%)
2026-03-05 05:46:03,641 - Knowledge - INFO - knowledge worker kw11 start
2026-03-05 05:46:03,642 - Knowledge - INFO - Worker kw12 created using shared MongoDB connection pool
2026-03-05 05:46:03,730 - Knowledge - INFO - Worker kw1 processing /app/data/T0015/329127/b993900/tr69hostif-329127/test/functional-tests/tests/helper_functions.py
2026-03-05 05:46:03,827 - Knowledge - INFO - Worker kw2 processing /app/data/T0015/329127/b993900/tr69hostif-329127/src/unittest/stubs/paramMgr.c
2026-03-05 05:46:03,909 - Knowledge - INFO - Fast-tracked /app/data/T0015/329127/b993900/tr69hostif-329127/src/unittest/stubs/rbus/src/rbus/rbus_valuechange.h (ext=.h, size=1108)
2026-03-05 05:46:03,986 - Knowledge - INFO - Fast-tracked /app/data/T0015/329127/b993900/tr69hostif-329127/src/unittest/stubs/rbus/src/rbus/rbus_log.h (ext=.h, size=1594)
2026-03-05 05:46:04,120 - Knowledge - INFO - Fast-tracked /app/data/T0015/329127/b993900/tr69hostif-329127/src/unittest/stubs/rbus/src/session_manager/rbus_session_mgr.h (ext=.h, size=1282)
2026-03-05 05:46:04,228 - Knowledge - INFO - Worker kw6 processing /app/data/T0015/329127/b993900/tr69hostif-329127/src/unittest/stubs/rbus/src/rtmessage/rtRoutingTree.h
2026-03-05 05:46:04,308 - Knowledge - INFO - Fast-tracked /app/data/T0015/329127/b993900/tr69hostif-329127/src/unittest/stubs/rbus/src/rtmessage/rtBuffer.h (ext=.h, size=1523)
2026-03-05 05:46:04,391 - Knowledge - INFO - Worker kw8 processing /app/data/T0015/329127/b993900/tr69hostif-329127/src/unittest/stubs/rbus/src/rtmessage/rtMessage.h
2026-03-05 05:46:04,492 - Knowledge - INFO - Worker kw9 processing /app/data/T0015/329127/b993900/tr69hostif-329127/src/unittest/stubs/rbus/src/rtmessage/local_benchmarking.h
2026-03-05 05:46:04,608 - Knowledge - INFO - Batch sizing: calculated=6, max_allowed=10, queue=318, active_workers=9/11
2026-03-05 05:46:04,684 - Knowledge - INFO - [kw11] Queue=312, InProgress=0, PendingWorkers=9/11, Completed=0/366 (0.0%)
2026-03-05 05:46:04,785 - Knowledge - INFO - knowledge worker kw12 start
2026-03-05 05:46:04,786 - Knowledge - INFO - Worker kw13 created using shared MongoDB connection pool
2026-03-05 05:46:04,889 - Knowledge - INFO - Fast-tracked /app/data/T0015/329127/b993900/tr69hostif-329127/test/functional-tests/tests/helper_functions.py (ext=.py, size=6666)
2026-03-05 05:46:05,010 - Knowledge - INFO - Fast-tracked /app/data/T0015/329127/b993900/tr69hostif-329127/src/unittest/stubs/paramMgr.c (ext=.c, size=96)
2026-03-05 05:46:05,105 - Knowledge - INFO - Worker kw3 processing /app/data/T0015/329127/b993900/tr69hostif-329127/src/unittest/stubs/rbus/src/rbus/rbus_asyncsubscribe.h
2026-03-05 05:46:05,188 - Knowledge - INFO - Worker kw4 processing /app/data/T0015/329127/b993900/tr69hostif-329127/src/unittest/stubs/rbus/src/rbus/rbus_buffer.h
2026-03-05 05:46:05,306 - Knowledge - INFO - Worker kw5 processing /app/data/T0015/329127/b993900/tr69hostif-329127/src/unittest/stubs/rbus/src/core/rbuscore_logger.h
2026-03-05 05:46:05,417 - Knowledge - INFO - Worker kw6 processing /app/data/T0015/329127/b993900/tr69hostif-329127/src/unittest/stubs/rbus/src/rtmessage/rtEncoder.h
2026-03-05 05:46:05,499 - Knowledge - INFO - Worker kw7 processing /app/data/T0015/329127/b993900/tr69hostif-329127/src/unittest/stubs/rbus/src/rtmessage/rtrouteBase.h
2026-03-05 05:46:05,605 - Knowledge - INFO - Worker kw8 processing /app/data/T0015/329127/b993900/tr69hostif-329127/src/unittest/stubs/rbus/src/rtmessage/rtrouter_diag.h
2026-03-05 05:46:05,688 - Knowledge - INFO - Worker kw9 processing /app/data/T0015/329127/b993900/tr69hostif-329127/src/unittest/stubs/rbus/src/rtmessage/rtMemory.h
2026-03-05 05:46:05,774 - Knowledge - INFO - Worker kw10 processing /app/data/T0015/329127/b993900/tr69hostif-329127/src/unittest/stubs/rbus/src/rtmessage/rtTime.h
2026-03-05 05:46:05,870 - Knowledge - INFO - Batch sizing: calculated=6, max_allowed=10, queue=312, active_workers=10/12
2026-03-05 05:46:05,951 - Knowledge - INFO - [kw12] Queue=306, InProgress=0, PendingWorkers=10/12, Completed=0/366 (0.0%)
2026-03-05 05:46:06,064 - Knowledge - INFO - knowledge worker kw13 start
2026-03-05 05:46:06,064 - Knowledge - INFO - Worker kw14 created using shared MongoDB connection pool
2026-03-05 05:46:06,177 - Knowledge - INFO - Worker kw1 processing /app/data/T0015/329127/b993900/tr69hostif-329127/test/functional-tests/tests/profile_helper_functions.py
2026-03-05 05:46:06,359 - Knowledge - INFO - Fast-tracked /app/data/T0015/329127/b993900/tr69hostif-329127/src/unittest/stubs/rbus/src/rbus/rbus_asyncsubscribe.h (ext=.h, size=1247)
2026-03-05 05:46:06,484 - Knowledge - INFO - Worker kw4 processing /app/data/T0015/329127/b993900/tr69hostif-329127/src/unittest/stubs/rbus/src/rbus/rbus_intervalsubscription.h
2026-03-05 05:46:06,576 - Knowledge - INFO - Fast-tracked /app/data/T0015/329127/b993900/tr69hostif-329127/src/unittest/stubs/rbus/src/core/rbuscore_logger.h (ext=.h, size=1353)
2026-03-05 05:46:06,662 - Knowledge - INFO - Fast-tracked /app/data/T0015/329127/b993900/tr69hostif-329127/src/unittest/stubs/rbus/src/rtmessage/rtEncoder.h (ext=.h, size=1613)
2026-03-05 05:46:06,771 - Knowledge - INFO - Worker kw7 processing /app/data/T0015/329127/b993900/tr69hostif-329127/src/unittest/stubs/rbus/src/rtmessage/rtError.h
2026-03-05 05:46:06,904 - Knowledge - INFO - Fast-tracked /app/data/T0015/329127/b993900/tr69hostif-329127/src/unittest/stubs/rbus/src/rtmessage/rtrouter_diag.h (ext=.h, size=1943)
2026-03-05 05:46:07,000 - Knowledge - INFO - Fast-tracked /app/data/T0015/329127/b993900/tr69hostif-329127/src/unittest/stubs/rbus/src/rtmessage/rtMemory.h (ext=.h, size=1746)
2026-03-05 05:46:07,092 - Knowledge - INFO - Worker kw10 processing /app/data/T0015/329127/b993900/tr69hostif-329127/src/unittest/stubs/rbus/src/rtmessage/rtCipher.h
2026-03-05 05:46:07,182 - Knowledge - INFO - Worker kw11 processing /app/data/T0015/329127/b993900/tr69hostif-329127/src/unittest/stubs/rbus/include/rbus_property.h
2026-03-05 05:46:07,314 - Knowledge - INFO - Batch sizing: calculated=6, max_allowed=10, queue=306, active_workers=11/13
2026-03-05 05:46:07,428 - Knowledge - INFO - [kw13] Queue=300, InProgress=0, PendingWorkers=11/13, Completed=0/366 (0.0%)
2026-03-05 05:46:07,517 - Knowledge - INFO - knowledge worker kw14 start
2026-03-05 05:46:07,518 - Knowledge - INFO - Worker kw15 created using shared MongoDB connection pool
2026-03-05 05:46:07,611 - Knowledge - INFO - Fast-tracked /app/data/T0015/329127/b993900/tr69hostif-329127/test/functional-tests/tests/profile_helper_functions.py (ext=.py, size=1234)
2026-03-05 05:46:07,743 - Knowledge - INFO - Fast-tracked /app/data/T0015/329127/b993900/tr69hostif-329127/src/unittest/stubs/mfr_temperature.h (small file (2639 bytes))
2026-03-05 05:46:07,830 - Knowledge - INFO - Fast-tracked /app/data/T0015/329127/b993900/tr69hostif-329127/src/unittest/stubs/rbus/src/rbus/rbus_intervalsubscription.h (ext=.h, size=1110)
2026-03-05 05:46:07,928 - Knowledge - INFO - Worker kw5 processing /app/data/T0015/329127/b993900/tr69hostif-329127/src/unittest/stubs/rbus/src/core/rbuscore.h
2026-03-05 05:46:08,016 - Knowledge - INFO - Worker kw6 processing /app/data/T0015/329127/b993900/tr69hostif-329127/src/unittest/stubs/rbus/src/rtmessage/rtConnection.h
2026-03-05 05:46:08,133 - Knowledge - INFO - Worker kw7 processing /app/data/T0015/329127/b993900/tr69hostif-329127/src/unittest/stubs/rbus/src/rtmessage/rtThreadPool.h
2026-03-05 05:46:08,233 - Knowledge - INFO - Worker kw8 processing /app/data/T0015/329127/b993900/tr69hostif-329127/src/unittest/stubs/rbus/src/rtmessage/rtBase64.h
2026-03-05 05:46:08,318 - Knowledge - INFO - Worker kw9 processing /app/data/T0015/329127/b993900/tr69hostif-329127/src/unittest/stubs/rbus/src/rtmessage/rtSocket.h
2026-03-05 05:46:08,414 - Knowledge - INFO - Worker kw10 processing /app/data/T0015/329127/b993900/tr69hostif-329127/src/unittest/stubs/rbus/src/rtmessage/rtVector.h
2026-03-05 05:46:08,504 - Knowledge - INFO - Worker kw11 processing /app/data/T0015/329127/b993900/tr69hostif-329127/src/unittest/stubs/rbus/include/rbus_value.h
2026-03-05 05:46:08,591 - Knowledge - INFO - Worker kw12 processing /app/data/T0015/329127/b993900/tr69hostif-329127/src/unittest/stubs/rbus/utils/dataProvider/dmQueryResult.h
2026-03-05 05:46:08,698 - Knowledge - INFO - Batch sizing: calculated=6, max_allowed=10, queue=300, active_workers=12/14
2026-03-05 05:46:08,794 - Knowledge - INFO - [kw14] Queue=294, InProgress=0, PendingWorkers=12/14, Completed=0/366 (0.0%)
2026-03-05 05:46:08,901 - Knowledge - INFO - knowledge worker kw15 start
2026-03-05 05:46:08,901 - Knowledge - INFO - Worker kw16 created using shared MongoDB connection pool
2026-03-05 05:46:09,231 - Knowledge - INFO - Processing batch of 6 files
2026-03-05 05:46:09,453 - Knowledge - INFO - Worker kw5 processing /app/data/T0015/329127/b993900/tr69hostif-329127/src/unittest/stubs/rbus/src/core/rbuscore_message.h
2026-03-05 05:46:09,642 - Knowledge - INFO - Fast-tracked /app/data/T0015/329127/b993900/tr69hostif-329127/src/unittest/stubs/rbus/src/rtmessage/rtThreadPool.h (ext=.h, size=1489)
2026-03-05 05:46:09,721 - Knowledge - INFO - Fast-tracked /app/data/T0015/329127/b993900/tr69hostif-329127/src/unittest/stubs/rbus/src/rtmessage/rtBase64.h (ext=.h, size=1483)
2026-03-05 05:46:09,843 - Knowledge - INFO - Fast-tracked /app/data/T0015/329127/b993900/tr69hostif-329127/src/unittest/stubs/rbus/src/rtmessage/rtSocket.h (ext=.h, size=1397)
2026-03-05 05:46:09,927 - Knowledge - INFO - Fast-tracked /app/data/T0015/329127/b993900/tr69hostif-329127/src/unittest/stubs/rbus/src/rtmessage/rtVector.h (ext=.h, size=1902)
2026-03-05 05:46:10,066 - Knowledge - INFO - Worker kw11 processing /app/data/T0015/329127/b993900/tr69hostif-329127/src/unittest/stubs/rbus/include/rbus_filter.h
2026-03-05 05:46:10,151 - Knowledge - INFO - Worker kw12 processing /app/data/T0015/329127/b993900/tr69hostif-329127/src/unittest/stubs/rbus/utils/dataProvider/dmProvider.h
2026-03-05 05:46:10,231 - Knowledge - INFO - Worker kw13 processing /app/data/T0015/329127/b993900/tr69hostif-329127/src/unittest/stubs/rbus/utils/dataProvider/dmQuery.h
2026-03-05 05:46:10,377 - Knowledge - INFO - Batch sizing: calculated=6, max_allowed=10, queue=294, active_workers=13/15
2026-03-05 05:46:10,474 - Knowledge - INFO - [kw15] Queue=288, InProgress=0, PendingWorkers=13/15, Completed=6/366 (1.6%)
2026-03-05 05:46:10,563 - Knowledge - INFO - knowledge worker kw16 start
2026-03-05 05:46:10,563 - Knowledge - INFO - Worker kw17 created using shared MongoDB connection pool
2026-03-05 05:46:10,672 - Knowledge - INFO - process ingested knowledge for /app/data/T0015/329127/b993900/tr69hostif-329127/test/functional-tests/tests/tr69hostif_deviceip.py
2026-03-05 05:46:10,876 - Knowledge - INFO - Worker kw7 processing /app/data/T0015/329127/b993900/tr69hostif-329127/src/unittest/stubs/rbus/src/rtmessage/rtLog.h
2026-03-05 05:46:11,063 - Knowledge - INFO - Worker kw8 processing /app/data/T0015/329127/b993900/tr69hostif-329127/src/unittest/stubs/rbus/src/rtmessage/rtAtomic.h
2026-03-05 05:46:11,158 - Knowledge - INFO - [LLM_CALL] Completed: cov_build.sh:chunk1, Duration: 4883ms, PromptTokens: 3962, CompletionTokens: 59, Cost: $0.00042
2026-03-05 05:46:11,181 - Knowledge - INFO - Worker kw9 processing /app/data/T0015/329127/b993900/tr69hostif-329127/src/unittest/stubs/rbus/src/rtmessage/rtAdvisory.h
2026-03-05 05:46:11,293 - Knowledge - INFO - Worker kw10 processing /app/data/T0015/329127/b993900/tr69hostif-329127/src/unittest/stubs/rbus/include/rbus_object.h
2026-03-05 05:46:11,375 - Knowledge - INFO - Worker kw11 processing /app/data/T0015/329127/b993900/tr69hostif-329127/src/unittest/stubs/rbus/utils/dataProvider/dmProviderHost.h
2026-03-05 05:46:11,484 - Knowledge - INFO - Worker kw12 processing /app/data/T0015/329127/b993900/tr69hostif-329127/src/unittest/stubs/rbus/utils/dataProvider/dmClient.h
2026-03-05 05:46:11,609 - Knowledge - INFO - Fast-tracked /app/data/T0015/329127/b993900/tr69hostif-329127/src/unittest/stubs/rbus/utils/dataProvider/dmQuery.h (ext=.h, size=1214)
2026-03-05 05:46:11,783 - Knowledge - INFO - Batch sizing: calculated=6, max_allowed=10, queue=288, active_workers=14/16
2026-03-05 05:46:11,867 - Knowledge - INFO - [kw16] Queue=282, InProgress=0, PendingWorkers=14/16, Completed=6/366 (1.6%)
2026-03-05 05:46:11,991 - Knowledge - INFO - knowledge worker kw17 start
2026-03-05 05:46:11,991 - Knowledge - INFO - Worker kw18 created using shared MongoDB connection pool
2026-03-05 05:46:12,081 - Knowledge - INFO - process ingested knowledge for /app/data/T0015/329127/b993900/tr69hostif-329127/test/functional-tests/tests/basic_constants.py
2026-03-05 05:46:12,102 - Knowledge - INFO - Fast-tracked /app/data/T0015/329127/b993900/tr69hostif-329127/src/unittest/stubs/rbus/src/rbus/rbus_handle.h (small file (2458 bytes))
2026-03-05 05:46:12,192 - Knowledge - INFO - Fast-tracked /app/data/T0015/329127/b993900/tr69hostif-329127/src/unittest/stubs/rbus/src/rtmessage/rtMessageHeader.h (small file (2663 bytes))
2026-03-05 05:46:12,276 - Knowledge - INFO - Worker kw8 processing /app/data/T0015/329127/b993900/tr69hostif-329127/src/unittest/stubs/rbus/src/rtmessage/rtm_discovery_api.h
2026-03-05 05:46:12,405 - Knowledge - INFO - done ingest for /app/data/T0015/329127/b993900/tr69hostif-329127/cov_build.sh
2026-03-05 05:46:12,406 - Knowledge - INFO - Worker kw14 processing /app/data/T0015/329127/b993900/tr69hostif-329127/src/unittest/stubs/dsCompositeInTypes.h
2026-03-05 05:46:12,509 - Knowledge - INFO - Fast-tracked /app/data/T0015/329127/b993900/tr69hostif-329127/src/unittest/stubs/rbus/src/rtmessage/rtAdvisory.h (ext=.h, size=1191)
2026-03-05 05:46:12,571 - Knowledge - INFO - Fast-tracked /app/data/T0015/329127/b993900/tr69hostif-329127/src/unittest/stubs/rbus/src/rtmessage/rtSemaphore.h (small file (2767 bytes))
2026-03-05 05:46:12,628 - Knowledge - INFO - Worker kw10 processing /app/data/T0015/329127/b993900/tr69hostif-329127/src/unittest/stubs/rbus/include/rbus.h
2026-03-05 05:46:12,723 - Knowledge - INFO - Worker kw11 processing /app/data/T0015/329127/b993900/tr69hostif-329127/src/unittest/stubs/rbus/utils/dataProvider/dmPropertyInfo.h
2026-03-05 05:46:12,846 - Knowledge - INFO - Fast-tracked /app/data/T0015/329127/b993900/tr69hostif-329127/src/unittest/stubs/rbus/utils/dataProvider/dmClient.h (ext=.h, size=1674)
2026-03-05 05:46:12,932 - Knowledge - INFO - Worker kw13 processing /app/data/T0015/329127/b993900/tr69hostif-329127/src/unittest/stubs/rbus/utils/dataProvider/dmProviderOperation.h
2026-03-05 05:46:13,008 - Knowledge - INFO - Worker kw15 processing /app/data/T0015/329127/b993900/tr69hostif-329127/src/unittest/stubs/wdmp_internal.h
2026-03-05 05:46:13,142 - Knowledge - INFO - Batch sizing: calculated=6, max_allowed=10, queue=282, active_workers=15/17
2026-03-05 05:46:13,228 - Knowledge - INFO - [kw17] Queue=276, InProgress=0, PendingWorkers=15/17, Completed=6/366 (1.6%)
2026-03-05 05:46:13,329 - Knowledge - INFO - knowledge worker kw18 start
2026-03-05 05:46:13,329 - Knowledge - INFO - Worker kw19 created using shared MongoDB connection pool
2026-03-05 05:46:13,413 - Knowledge - INFO - process ingested knowledge for /app/data/T0015/329127/b993900/tr69hostif-329127/test/functional-tests/tests/tr69hostif_webpa.py
2026-03-05 05:46:13,604 - Knowledge - INFO - Fast-tracked /app/data/T0015/329127/b993900/tr69hostif-329127/src/unittest/stubs/rbus/src/rtmessage/rtrouteBase.h (small file (2455 bytes))
2026-03-05 05:46:13,698 - Knowledge - INFO - Fast-tracked /app/data/T0015/329127/b993900/tr69hostif-329127/src/unittest/stubs/rbus/src/rtmessage/rtm_discovery_api.h (ext=.h, size=1361)
2026-03-05 05:46:13,916 - Knowledge - INFO - Worker kw14 processing /app/data/T0015/329127/b993900/tr69hostif-329127/src/unittest/stubs/dm_stubs.cpp
2026-03-05 05:46:14,409 - Knowledge - INFO - Worker kw9 processing /app/data/T0015/329127/b993900/tr69hostif-329127/src/unittest/stubs/rbus/src/rtmessage/rtDebug.h
2026-03-05 05:46:14,630 - Knowledge - INFO - Fast-tracked /app/data/T0015/329127/b993900/tr69hostif-329127/src/unittest/stubs/rbus/src/rtmessage/rtList.h (small file (2707 bytes))
2026-03-05 05:46:14,724 - Knowledge - INFO - Worker kw10 processing /app/data/T0015/329127/b993900/tr69hostif-329127/src/unittest/stubs/rbus/include/rbus_message.h
2026-03-05 05:46:14,808 - Knowledge - INFO - Fast-tracked /app/data/T0015/329127/b993900/tr69hostif-329127/src/unittest/stubs/rbus/utils/dataProvider/dmPropertyInfo.h (ext=.h, size=1720)
2026-03-05 05:46:14,918 - Knowledge - INFO - Worker kw12 processing /app/data/T0015/329127/b993900/tr69hostif-329127/src/unittest/stubs/rbus/utils/dataProvider/dmValueType.h
2026-03-05 05:46:15,132 - Knowledge - INFO - Fast-tracked /app/data/T0015/329127/b993900/tr69hostif-329127/src/unittest/stubs/rbus/utils/dataProvider/dmProviderOperation.h (ext=.h, size=1014)
2026-03-05 05:46:15,308 - Knowledge - INFO - Worker kw15 processing /app/data/T0015/329127/b993900/tr69hostif-329127/src/unittest/stubs/libIARM.h
2026-03-05 05:46:15,536 - Knowledge - INFO - Worker kw16 processing /app/data/T0015/329127/b993900/tr69hostif-329127/src/unittest/stubs/mfrMgr.h
2026-03-05 05:46:15,635 - Knowledge - INFO - [LLM_CALL] Completed: mfrTypes.h:chunk1, Duration: 8405ms, PromptTokens: 7548, CompletionTokens: 653, Cost: $0.00102
2026-03-05 05:46:15,644 - Knowledge - INFO - Batch sizing: calculated=6, max_allowed=10, queue=276, active_workers=16/18
2026-03-05 05:46:15,739 - Knowledge - INFO - [kw18] Queue=270, InProgress=0, PendingWorkers=16/18, Completed=6/366 (1.6%)
2026-03-05 05:46:15,822 - Knowledge - INFO - knowledge worker kw19 start
2026-03-05 05:46:15,823 - Knowledge - INFO - Worker kw20 created using shared MongoDB connection pool
2026-03-05 05:46:15,913 - Knowledge - INFO - process ingested knowledge for /app/data/T0015/329127/b993900/tr69hostif-329127/test/functional-tests/tests/test_bootup_sequence.py
2026-03-05 05:46:16,018 - Knowledge - INFO - Fast-tracked /app/data/T0015/329127/b993900/tr69hostif-329127/src/unittest/stubs/rbus/src/rtmessage/rtError.h (small file (2696 bytes))
2026-03-05 05:46:16,114 - Knowledge - INFO - Fast-tracked /app/data/T0015/329127/b993900/tr69hostif-329127/src/unittest/stubs/rbus/src/rtmessage/rtHashMap.h (small file (2293 bytes))
2026-03-05 05:46:16,254 - Knowledge - INFO - Worker kw14 processing /app/data/T0015/329127/b993900/tr69hostif-329127/src/unittest/stubs/file_writer.h
2026-03-05 05:46:16,331 - Knowledge - INFO - Fast-tracked /app/data/T0015/329127/b993900/tr69hostif-329127/src/unittest/stubs/rbus/src/rtmessage/rtDebug.h (ext=.h, size=1058)
2026-03-05 05:46:16,641 - Knowledge - INFO - Worker kw11 processing /app/data/T0015/329127/b993900/tr69hostif-329127/src/unittest/stubs/rbus/utils/dataProvider/dmValue.h
2026-03-05 05:46:16,746 - Knowledge - INFO - Fast-tracked /app/data/T0015/329127/b993900/tr69hostif-329127/src/unittest/stubs/rbus/utils/dataProvider/dmValueType.h (ext=.h, size=1320)
2026-03-05 05:46:16,835 - Knowledge - INFO - Worker kw13 processing /app/data/T0015/329127/b993900/tr69hostif-329127/src/unittest/stubs/rbus/utils/dataProvider/dmUtility.h
2026-03-05 05:46:16,931 - Knowledge - INFO - Fast-tracked /app/data/T0015/329127/b993900/tr69hostif-329127/src/unittest/stubs/rbus/src/core/rbuscore_message.h (small file (2329 bytes))
2026-03-05 05:46:16,936 - Knowledge - INFO - Worker kw15 processing /app/data/T0015/329127/b993900/tr69hostif-329127/src/unittest/stubs/power_controller.h
2026-03-05 05:46:17,008 - Knowledge - INFO - Worker kw16 processing /app/data/T0015/329127/b993900/tr69hostif-329127/src/unittest/stubs/rfcdefaults.ini
2026-03-05 05:46:17,124 - Knowledge - INFO - done ingest for /app/data/T0015/329127/b993900/tr69hostif-329127/src/unittest/stubs/mfrTypes.h
2026-03-05 05:46:17,234 - Knowledge - INFO - Worker kw17 processing /app/data/T0015/329127/b993900/tr69hostif-329127/src/unittest/stubs/partners_defaults_device.json
2026-03-05 05:46:17,368 - Knowledge - INFO - Batch sizing: calculated=6, max_allowed=10, queue=270, active_workers=17/19
2026-03-05 05:46:17,506 - Knowledge - INFO - [kw19] Queue=264, InProgress=0, PendingWorkers=17/19, Completed=6/366 (1.6%)
2026-03-05 05:46:17,604 - Knowledge - INFO - knowledge worker kw20 start
2026-03-05 05:46:17,734 - Knowledge - INFO - process ingested knowledge for /app/data/T0015/329127/b993900/tr69hostif-329127/test/functional-tests/tests/helper_functions.py
2026-03-05 05:46:18,145 - Knowledge - INFO - Fast-tracked /app/data/T0015/329127/b993900/tr69hostif-329127/src/unittest/stubs/file_writer.h (ext=.h, size=678)
2026-03-05 05:46:18,241 - Knowledge - INFO - Worker kw9 processing /app/data/T0015/329127/b993900/tr69hostif-329127/src/unittest/stubs/rbus/src/rtmessage/rtRetainable.h
2026-03-05 05:46:18,478 - Knowledge - INFO - Worker kw12 processing /app/data/T0015/329127/b993900/tr69hostif-329127/src/unittest/stubs/rbus/utils/dataProvider/dmProviderInfo.h
2026-03-05 05:46:18,599 - Knowledge - INFO - Worker kw13 processing /app/data/T0015/329127/b993900/tr69hostif-329127/src/unittest/stubs/rbus/utils/dataProvider/dmProviderDatabase.h
2026-03-05 05:46:18,850 - Knowledge - INFO - Worker kw15 processing /app/data/T0015/329127/b993900/tr69hostif-329127/src/unittest/stubs/wdmp-c.h
2026-03-05 05:46:18,965 - Knowledge - INFO - Fast-tracked /app/data/T0015/329127/b993900/tr69hostif-329127/src/unittest/stubs/rfcdefaults.ini (ext=.ini, size=149)
2026-03-05 05:46:19,229 - Knowledge - INFO - Fast-tracked /app/data/T0015/329127/b993900/tr69hostif-329127/src/unittest/stubs/partners_defaults_device.json (ext=.json, size=563)
2026-03-05 05:46:19,336 - Knowledge - INFO - Worker kw18 processing /app/data/T0015/329127/b993900/tr69hostif-329127/src/unittest/stubs/file_writer.cpp
2026-03-05 05:46:19,442 - Knowledge - INFO - Batch sizing: calculated=6, max_allowed=10, queue=264, active_workers=18/20
2026-03-05 05:46:19,521 - Knowledge - INFO - [LLM_CALL] Completed: libIBus.h:chunk1, Duration: 11451ms, PromptTokens: 7464, CompletionTokens: 677, Cost: $0.00102
2026-03-05 05:46:19,550 - Knowledge - INFO - [kw20] Queue=258, InProgress=0, PendingWorkers=18/20, Completed=6/366 (1.6%)
2026-03-05 05:46:19,708 - Knowledge - INFO - process ingested knowledge for /app/data/T0015/329127/b993900/tr69hostif-329127/test/functional-tests/tests/profile_helper_functions.py
2026-03-05 05:46:19,903 - Knowledge - INFO - Worker kw14 processing /app/data/T0015/329127/b993900/tr69hostif-329127/src/unittest/stubs/dsTypes.h
2026-03-05 05:46:20,002 - Knowledge - INFO - Fast-tracked /app/data/T0015/329127/b993900/tr69hostif-329127/src/unittest/stubs/rbus/src/rtmessage/rtRetainable.h (ext=.h, size=1397)
2026-03-05 05:46:20,115 - Knowledge - INFO - Worker kw12 processing /app/data/T0015/329127/b993900/tr69hostif-329127/src/unittest/stubs/rbus/utils/dataProvider/dmError.h
2026-03-05 05:46:20,255 - Knowledge - INFO - Fast-tracked /app/data/T0015/329127/b993900/tr69hostif-329127/src/unittest/stubs/rbus/utils/dataProvider/dmProviderDatabase.h (ext=.h, size=1921)
2026-03-05 05:46:20,388 - Knowledge - INFO - Worker kw15 processing /app/data/T0015/329127/b993900/tr69hostif-329127/src/unittest/stubs/safec_lib.h
2026-03-05 05:46:20,532 - Knowledge - INFO - Worker kw16 processing /app/data/T0015/329127/b993900/tr69hostif-329127/src/unittest/stubs/dsVideoDeviceTypes.h
2026-03-05 05:46:20,680 - Knowledge - INFO - Worker kw17 processing /app/data/T0015/329127/b993900/tr69hostif-329127/src/unittest/stubs/rdk_debug.h
2026-03-05 05:46:20,849 - Knowledge - INFO - Worker kw18 processing /app/data/T0015/329127/b993900/tr69hostif-329127/src/unittest/stubs/powerctrl_stubs.cpp
2026-03-05 05:46:21,136 - Knowledge - INFO - done ingest for /app/data/T0015/329127/b993900/tr69hostif-329127/src/unittest/stubs/libIBus.h
2026-03-05 05:46:21,149 - Knowledge - INFO - Fast-tracked /app/data/T0015/329127/b993900/tr69hostif-329127/src/unittest/stubs/rbus/src/rtmessage/rtCipher.h (small file (2871 bytes))
2026-03-05 05:46:21,149 - Knowledge - INFO - Worker kw19 processing /app/data/T0015/329127/b993900/tr69hostif-329127/src/unittest/stubs/dsHdmiInTypes.h
2026-03-05 05:46:21,261 - Knowledge - INFO - Batch sizing: calculated=6, max_allowed=10, queue=258, active_workers=19/20
2026-03-05 05:46:21,523 - Knowledge - INFO - Worker kw14 processing /app/data/T0015/329127/b993900/tr69hostif-329127/src/unittest/stubs/mfr_wifi_api.h
2026-03-05 05:46:21,686 - Knowledge - INFO - Fast-tracked /app/data/T0015/329127/b993900/tr69hostif-329127/src/unittest/stubs/rbus/src/rtmessage/local_benchmarking.h (small file (2643 bytes))
2026-03-05 05:46:21,820 - Knowledge - INFO - Fast-tracked /app/data/T0015/329127/b993900/tr69hostif-329127/src/unittest/stubs/rbus/utils/dataProvider/dmError.h (ext=.h, size=1299)
2026-03-05 05:46:21,896 - Knowledge - INFO - Worker kw13 processing /app/data/T0015/329127/b993900/tr69hostif-329127/src/unittest/stubs/libparodus_log.h
2026-03-05 05:46:21,980 - Knowledge - INFO - [LLM_CALL] Completed: secure_wrapper.c:chunk1, Duration: 12706ms, PromptTokens: 14418, CompletionTokens: 531, Cost: $0.00165
2026-03-05 05:46:22,064 - Knowledge - INFO - Worker kw15 processing /app/data/T0015/329127/b993900/tr69hostif-329127/src/unittest/stubs/fwdnldstatus.txt
2026-03-05 05:46:22,281 - Knowledge - INFO - Worker kw16 processing /app/data/T0015/329127/b993900/tr69hostif-329127/src/unittest/stubs/wdmp-c.c
2026-03-05 05:46:22,357 - Knowledge - INFO - Fast-tracked /app/data/T0015/329127/b993900/tr69hostif-329127/src/unittest/stubs/rdk_debug.h (ext=.h, size=1506)
2026-03-05 05:46:22,637 - Knowledge - INFO - Fast-tracked /app/data/T0015/329127/b993900/tr69hostif-329127/src/unittest/stubs/powerctrl_stubs.cpp (ext=.cpp, size=1331)
2026-03-05 05:46:22,975 - Knowledge - INFO - Worker kw19 processing /app/data/T0015/329127/b993900/tr69hostif-329127/src/unittest/stubs/tr181store.ini
2026-03-05 05:46:23,308 - Knowledge - INFO - Worker kw14 processing /app/data/T0015/329127/b993900/tr69hostif-329127/src/unittest/stubs/iarm_stubs.cpp
2026-03-05 05:46:23,399 - Knowledge - INFO - Fast-tracked /app/data/T0015/329127/b993900/tr69hostif-329127/src/unittest/stubs/rbus/src/rtmessage/rtAtomic.h (small file (2359 bytes))
2026-03-05 05:46:23,891 - Knowledge - INFO - Fast-tracked /app/data/T0015/329127/b993900/tr69hostif-329127/src/unittest/stubs/rbus/utils/dataProvider/dmQueryResult.h (small file (2006 bytes))
2026-03-05 05:46:24,121 - Knowledge - INFO - done ingest for /app/data/T0015/329127/b993900/tr69hostif-329127/src/unittest/stubs/secure_wrapper.c
2026-03-05 05:46:24,126 - Knowledge - INFO - Worker kw13 processing /app/data/T0015/329127/b993900/tr69hostif-329127/src/unittest/stubs/dsFPDTypes.h
2026-03-05 05:46:24,151 - Knowledge - INFO - [LLM_CALL] Completed: rbus_subscriptions.h:chunk1, Duration: 14781ms, PromptTokens: 2678, CompletionTokens: 669, Cost: $0.00054
2026-03-05 05:46:24,272 - Knowledge - INFO - Fast-tracked /app/data/T0015/329127/b993900/tr69hostif-329127/src/unittest/stubs/fwdnldstatus.txt (ext=.txt, size=459)
2026-03-05 05:46:24,374 - Knowledge - INFO - Worker kw16 processing /app/data/T0015/329127/b993900/tr69hostif-329127/src/unittest/stubs/pwrMgr.h
2026-03-05 05:46:24,495 - Knowledge - INFO - Worker kw17 processing /app/data/T0015/329127/b993900/tr69hostif-329127/src/unittest/stubs/paramMgr.h
2026-03-05 05:46:24,587 - Knowledge - INFO - Worker kw18 processing /app/data/T0015/329127/b993900/tr69hostif-329127/src/unittest/stubs/cimplog/cimplog.h
2026-03-05 05:46:24,808 - Knowledge - INFO - Fast-tracked /app/data/T0015/329127/b993900/tr69hostif-329127/src/unittest/stubs/tr181store.ini (ext=.ini, size=588)
2026-03-05 05:46:25,223 - Knowledge - INFO - Fast-tracked /app/data/T0015/329127/b993900/tr69hostif-329127/src/unittest/stubs/rbus/utils/dataProvider/dmProvider.h (small file (2077 bytes))
2026-03-05 05:46:25,575 - Knowledge - INFO - done ingest for /app/data/T0015/329127/b993900/tr69hostif-329127/src/unittest/stubs/rbus/src/rbus/rbus_subscriptions.h
2026-03-05 05:46:25,604 - Knowledge - INFO - Worker kw20 processing /app/data/T0015/329127/b993900/tr69hostif-329127/src/unittest/stubs/ds/displayConnectionChangeListener.hpp
2026-03-05 05:46:25,629 - Knowledge - INFO - [WEBSOCKET] Sent: Type=progress_update, Size: 290, Duration: 0ms
2026-03-05 05:46:25,921 - Knowledge - INFO - Worker kw16 processing /app/data/T0015/329127/b993900/tr69hostif-329127/src/unittest/stubs/wdmp_internal.c
2026-03-05 05:46:26,063 - Knowledge - INFO - Fast-tracked /app/data/T0015/329127/b993900/tr69hostif-329127/src/unittest/stubs/paramMgr.h (ext=.h, size=343)
2026-03-05 05:46:26,200 - Knowledge - INFO - Fast-tracked /app/data/T0015/329127/b993900/tr69hostif-329127/src/unittest/stubs/cimplog/cimplog.h (ext=.h, size=1205)
2026-03-05 05:46:26,332 - Knowledge - INFO - Worker kw19 processing /app/data/T0015/329127/b993900/tr69hostif-329127/src/unittest/stubs/dm_stubs.h
2026-03-05 05:46:26,556 - Knowledge - INFO - Fast-tracked /app/data/T0015/329127/b993900/tr69hostif-329127/src/unittest/stubs/rbus/utils/dataProvider/dmProviderInfo.h (small file (2117 bytes))
2026-03-05 05:46:26,764 - Knowledge - INFO - Fast-tracked /app/data/T0015/329127/b993900/tr69hostif-329127/src/unittest/stubs/ds/displayConnectionChangeListener.hpp (ext=.hpp, size=1235)
2026-03-05 05:46:26,968 - Knowledge - INFO - [WEBSOCKET] Sent: Type=unknown, Size: ?, Duration: 1339ms
2026-03-05 05:46:27,187 - Knowledge - INFO - Worker kw17 processing /app/data/T0015/329127/b993900/tr69hostif-329127/src/unittest/stubs/dsAVDTypes.h
2026-03-05 05:46:27,379 - Knowledge - INFO - Worker kw18 processing /app/data/T0015/329127/b993900/tr69hostif-329127/src/unittest/stubs/sysMgr.h
2026-03-05 05:46:27,559 - Knowledge - INFO - Fast-tracked /app/data/T0015/329127/b993900/tr69hostif-329127/src/unittest/stubs/dm_stubs.h (ext=.h, size=717)
2026-03-05 05:46:27,847 - Knowledge - INFO - Worker kw20 processing /app/data/T0015/329127/b993900/tr69hostif-329127/src/unittest/stubs/ds/dsHALConfig.h
2026-03-05 05:46:27,915 - Knowledge - INFO - Progress: 2.2% | Files: 12/366 | Rate: 0.32 files/sec | Queue: 246
2026-03-05 05:46:28,020 - Knowledge - INFO - [LLM_CALL] Completed: rbus_element.h:chunk1, Duration: 17069ms, PromptTokens: 2634, CompletionTokens: 844, Cost: $0.00060
2026-03-05 05:46:28,088 - Knowledge - INFO - Worker kw17 processing /app/data/T0015/329127/b993900/tr69hostif-329127/src/unittest/stubs/mfr_wifi_types.h
2026-03-05 05:46:28,196 - Knowledge - INFO - Worker kw18 processing /app/data/T0015/329127/b993900/tr69hostif-329127/src/unittest/stubs/rfcapi.h
2026-03-05 05:46:28,339 - Knowledge - INFO - Worker kw19 processing /app/data/T0015/329127/b993900/tr69hostif-329127/src/unittest/stubs/ds/frontPanelSettings.hpp
2026-03-05 05:46:28,520 - Knowledge - INFO - Fast-tracked /app/data/T0015/329127/b993900/tr69hostif-329127/src/unittest/stubs/ds/dsHALConfig.h (ext=.h, size=757)
2026-03-05 05:46:28,602 - Knowledge - INFO - [kw1] Queue=246, InProgress=0, PendingWorkers=20/20, Completed=14/366 (3.8%)
2026-03-05 05:46:28,905 - Knowledge - INFO - done ingest for /app/data/T0015/329127/b993900/tr69hostif-329127/src/unittest/stubs/rbus/src/rbus/rbus_element.h
2026-03-05 05:46:28,909 - Knowledge - INFO - [LLM_CALL] Completed: rtLog.h:chunk1, Duration: 11006ms, PromptTokens: 2492, CompletionTokens: 561, Cost: $0.00047
2026-03-05 05:46:29,048 - Knowledge - INFO - Worker kw17 processing /app/data/T0015/329127/b993900/tr69hostif-329127/src/unittest/stubs/secure_wrapper.h
2026-03-05 05:46:29,159 - Knowledge - INFO - Worker kw18 processing /app/data/T0015/329127/b993900/tr69hostif-329127/src/unittest/stubs/libparodus.h
2026-03-05 05:46:29,363 - Knowledge - INFO - Worker kw19 processing /app/data/T0015/329127/b993900/tr69hostif-329127/src/unittest/stubs/ds/audioOutputPortType.hpp
2026-03-05 05:46:29,459 - Knowledge - INFO - Worker kw20 processing /app/data/T0015/329127/b993900/tr69hostif-329127/src/unittest/stubs/ds/powerModeChangeListener.hpp
2026-03-05 05:46:29,634 - Knowledge - INFO - Batch sizing: calculated=6, max_allowed=10, queue=246, active_workers=20/20
2026-03-05 05:46:30,073 - Knowledge - INFO - done ingest for /app/data/T0015/329127/b993900/tr69hostif-329127/src/unittest/stubs/rbus/src/rtmessage/rtLog.h
2026-03-05 05:46:30,074 - Knowledge - INFO - [LLM_CALL] Completed: libIBusDaemon.h:chunk1, Duration: 17667ms, PromptTokens: 5492, CompletionTokens: 975, Cost: $0.00094
2026-03-05 05:46:30,334 - Knowledge - INFO - Fast-tracked /app/data/T0015/329127/b993900/tr69hostif-329127/src/unittest/stubs/file_writer.cpp (small file (2188 bytes))
2026-03-05 05:46:30,431 - Knowledge - INFO - Worker kw19 processing /app/data/T0015/329127/b993900/tr69hostif-329127/src/unittest/stubs/ds/compositeIn.hpp
2026-03-05 05:46:30,553 - Knowledge - INFO - Fast-tracked /app/data/T0015/329127/b993900/tr69hostif-329127/src/unittest/stubs/ds/powerModeChangeListener.hpp (ext=.hpp, size=1074)
2026-03-05 05:46:31,032 - Knowledge - INFO - done ingest for /app/data/T0015/329127/b993900/tr69hostif-329127/src/unittest/stubs/libIBusDaemon.h
2026-03-05 05:46:31,072 - Knowledge - INFO - Async storing batch of 6 embeddings
2026-03-05 05:46:31,323 - Knowledge - INFO - Processing batch of 6 files
2026-03-05 05:46:31,407 - Knowledge - INFO - Worker kw20 processing /app/data/T0015/329127/b993900/tr69hostif-329127/src/unittest/stubs/ds/host.hpp
2026-03-05 05:46:31,497 - Knowledge - INFO - Processing batch of 6 files
2026-03-05 05:46:31,558 - Knowledge - INFO - Processing batch of 6 files
2026-03-05 05:46:31,655 - Knowledge - INFO - Worker kw1 processing /app/data/T0015/329127/b993900/tr69hostif-329127/src/unittest/stubs/ds/pixelResolution.hpp
2026-03-05 05:46:31,759 - Knowledge - INFO - process ingested knowledge for /app/data/T0015/329127/b993900/tr69hostif-329127/test/functional-tests/tests/test_handlers_communications.py
2026-03-05 05:46:31,842 - Knowledge - INFO - Processing batch of 6 files
2026-03-05 05:46:31,865 - Knowledge - INFO - [LLM_CALL] Completed: rbus_buffer.h:chunk1, Duration: 18367ms, PromptTokens: 3358, CompletionTokens: 1382, Cost: $0.00089
2026-03-05 05:46:31,894 - Knowledge - INFO - Worker kw20 processing /app/data/T0015/329127/b993900/tr69hostif-329127/src/unittest/stubs/ds/dsregisterlog.h
2026-03-05 05:46:32,085 - Knowledge - INFO - process ingested knowledge for /app/data/T0015/329127/b993900/tr69hostif-329127/src/unittest/stubs/rbus/src/rtmessage/local_benchmarking.h
2026-03-05 05:46:32,167 - Knowledge - INFO - process ingested knowledge for /app/data/T0015/329127/b993900/tr69hostif-329127/src/unittest/stubs/rbus/utils/dataProvider/dmQueryResult.h
2026-03-05 05:46:32,321 - Knowledge - INFO - Worker kw1 processing /app/data/T0015/329127/b993900/tr69hostif-329127/src/unittest/stubs/ds/frontPanelIndicator.hpp
2026-03-05 05:46:32,337 - Knowledge - INFO - Split /app/data/T0015/329127/b993900/tr69hostif-329127/src/unittest/stubs/rbus/include/rbus.h (85780 bytes) into 3 chunks of ~32KB
2026-03-05 05:46:32,396 - Knowledge - INFO - process ingested knowledge for /app/data/T0015/329127/b993900/tr69hostif-329127/cov_build.sh
2026-03-05 05:46:32,561 - Knowledge - INFO - process ingested knowledge for /app/data/T0015/329127/b993900/tr69hostif-329127/src/unittest/stubs/rbus/src/rtmessage/rtMessageHeader.h
2026-03-05 05:46:32,784 - Knowledge - INFO - done ingest for /app/data/T0015/329127/b993900/tr69hostif-329127/src/unittest/stubs/rbus/src/rbus/rbus_buffer.h
2026-03-05 05:46:32,879 - Knowledge - INFO - Fast-tracked /app/data/T0015/329127/b993900/tr69hostif-329127/src/unittest/stubs/libparodus_log.h (small file (2226 bytes))
2026-03-05 05:46:32,898 - Knowledge - INFO - Fast-tracked /app/data/T0015/329127/b993900/tr69hostif-329127/src/unittest/stubs/ds/dsregisterlog.h (ext=.h, size=1026)
2026-03-05 05:46:33,050 - Knowledge - INFO - process ingested knowledge for /app/data/T0015/329127/b993900/tr69hostif-329127/src/unittest/stubs/rbus/src/rtmessage/rtMemory.h
2026-03-05 05:46:33,057 - Knowledge - INFO - Processing batch of 6 files
2026-03-05 05:46:33,203 - Knowledge - INFO - process ingested knowledge for /app/data/T0015/329127/b993900/tr69hostif-329127/src/unittest/stubs/rbus/utils/dataProvider/dmProvider.h
2026-03-05 05:46:33,373 - Knowledge - INFO - Worker kw1 processing /app/data/T0015/329127/b993900/tr69hostif-329127/src/unittest/stubs/ds/illegalArgumentException.hpp
2026-03-05 05:46:33,646 - Knowledge - INFO - process ingested knowledge for /app/data/T0015/329127/b993900/tr69hostif-329127/scripts/validateDataModel.py
2026-03-05 05:46:33,744 - Knowledge - INFO - process ingested knowledge for /app/data/T0015/329127/b993900/tr69hostif-329127/src/unittest/stubs/rbus/src/rtmessage/rtBuffer.h
2026-03-05 05:46:34,116 - Knowledge - INFO - Worker kw20 processing /app/data/T0015/329127/b993900/tr69hostif-329127/src/unittest/stubs/ds/sleepMode.hpp
2026-03-05 05:46:34,270 - Knowledge - INFO - process ingested knowledge for /app/data/T0015/329127/b993900/tr69hostif-329127/src/unittest/stubs/rbus/src/rtmessage/rtSocket.h
2026-03-05 05:46:34,678 - Knowledge - INFO - process ingested knowledge for /app/data/T0015/329127/b993900/tr69hostif-329127/src/unittest/stubs/mfr_temperature.h
2026-03-05 05:46:34,771 - Knowledge - INFO - process ingested knowledge for /app/data/T0015/329127/b993900/tr69hostif-329127/src/unittest/stubs/rbus/utils/dataProvider/dmClient.h
2026-03-05 05:46:34,776 - Knowledge - INFO - Processing batch of 6 files
2026-03-05 05:46:34,894 - Knowledge - INFO - [LLM_CALL] Completed: rtMessage.h:chunk1, Duration: 16846ms, PromptTokens: 4928, CompletionTokens: 1229, Cost: $0.00098
2026-03-05 05:46:34,916 - Knowledge - INFO - Worker kw1 processing /app/data/T0015/329127/b993900/tr69hostif-329127/src/unittest/stubs/ds/list.hpp
2026-03-05 05:46:34,995 - Knowledge - INFO - process ingested knowledge for /app/data/T0015/329127/b993900/tr69hostif-329127/src/unittest/stubs/mfrTypes.h
2026-03-05 05:46:35,227 - Knowledge - INFO - process ingested knowledge for /app/data/T0015/329127/b993900/tr69hostif-329127/src/unittest/stubs/rbus/src/rtmessage/rtrouteBase.h
2026-03-05 05:46:35,384 - Knowledge - INFO - Fast-tracked /app/data/T0015/329127/b993900/tr69hostif-329127/src/unittest/stubs/ds/sleepMode.hpp (ext=.hpp, size=1707)
2026-03-05 05:46:35,511 - Knowledge - INFO - process ingested knowledge for /app/data/T0015/329127/b993900/tr69hostif-329127/src/unittest/stubs/rbus/src/rtmessage/rtAdvisory.h
2026-03-05 05:46:35,758 - Knowledge - INFO - process ingested knowledge for /app/data/T0015/329127/b993900/tr69hostif-329127/src/unittest/stubs/secure_wrapper.c
2026-03-05 05:46:35,877 - Knowledge - INFO - process ingested knowledge for /app/data/T0015/329127/b993900/tr69hostif-329127/src/unittest/stubs/rbus/utils/dataProvider/dmValueType.h
2026-03-05 05:46:36,033 - Knowledge - INFO - process ingested knowledge for /app/data/T0015/329127/b993900/tr69hostif-329127/src/unittest/stubs/rbus/src/rbus/rbus_subscriptions.h
2026-03-05 05:46:36,222 - Knowledge - INFO - done ingest for /app/data/T0015/329127/b993900/tr69hostif-329127/src/unittest/stubs/rbus/src/rtmessage/rtMessage.h
2026-03-05 05:46:36,243 - Knowledge - INFO - [LLM_CALL] Completed: rbuscore_types.h:chunk1, Duration: 26699ms, PromptTokens: 2370, CompletionTokens: 365, Cost: $0.00038
2026-03-05 05:46:36,430 - Knowledge - INFO - Worker kw1 processing /app/data/T0015/329127/b993900/tr69hostif-329127/src/unittest/stubs/ds/videoDFC.hpp
2026-03-05 05:46:36,653 - Knowledge - INFO - process ingested knowledge for /app/data/T0015/329127/b993900/tr69hostif-329127/src/unittest/stubs/libIBus.h
2026-03-05 05:46:36,750 - Knowledge - INFO - process ingested knowledge for /app/data/T0015/329127/b993900/tr69hostif-329127/src/unittest/stubs/rbus/src/rtmessage/rtError.h
2026-03-05 05:46:36,965 - Knowledge - INFO - process ingested knowledge for /app/data/T0015/329127/b993900/tr69hostif-329127/src/unittest/stubs/rbus/src/rtmessage/rtDebug.h
2026-03-05 05:46:37,069 - Knowledge - INFO - process ingested knowledge for /app/data/T0015/329127/b993900/tr69hostif-329127/src/unittest/stubs/remote_debugger.json
2026-03-05 05:46:37,160 - Knowledge - INFO - process ingested knowledge for /app/data/T0015/329127/b993900/tr69hostif-329127/src/unittest/stubs/rbus/utils/dataProvider/dmProviderInfo.h
2026-03-05 05:46:37,279 - Knowledge - INFO - process ingested knowledge for /app/data/T0015/329127/b993900/tr69hostif-329127/src/unittest/stubs/rbus/src/rbus/rbus_tokenchain.h
2026-03-05 05:46:37,470 - Knowledge - INFO - done ingest for /app/data/T0015/329127/b993900/tr69hostif-329127/src/unittest/stubs/rbus/src/core/rbuscore_types.h
2026-03-05 05:46:37,471 - Knowledge - INFO - [LLM_CALL] Completed: rbuscore.h:chunk1, Duration: 24031ms, PromptTokens: 8174, CompletionTokens: 2154, Cost: $0.00168
2026-03-05 05:46:37,551 - Knowledge - INFO - Worker kw1 processing /app/data/T0015/329127/b993900/tr69hostif-329127/src/unittest/stubs/ds/audioCompression.hpp
2026-03-05 05:46:37,629 - Knowledge - INFO - process ingested knowledge for /app/data/T0015/329127/b993900/tr69hostif-329127/src/unittest/stubs/paramMgr.c
2026-03-05 05:46:37,733 - Knowledge - INFO - process ingested knowledge for /app/data/T0015/329127/b993900/tr69hostif-329127/src/unittest/stubs/rbus/src/rtmessage/rtThreadPool.h
2026-03-05 05:46:37,852 - Knowledge - INFO - process ingested knowledge for /app/data/T0015/329127/b993900/tr69hostif-329127/src/unittest/stubs/rbus/src/rtmessage/rtRetainable.h
2026-03-05 05:46:37,948 - Knowledge - INFO - process ingested knowledge for /app/data/T0015/329127/b993900/tr69hostif-329127/src/unittest/stubs/libIBusDaemon.h
2026-03-05 05:46:38,046 - Knowledge - INFO - process ingested knowledge for /app/data/T0015/329127/b993900/tr69hostif-329127/src/unittest/stubs/rbus/utils/dataProvider/dmError.h
2026-03-05 05:46:38,130 - Knowledge - INFO - process ingested knowledge for /app/data/T0015/329127/b993900/tr69hostif-329127/src/unittest/stubs/rbus/src/rbus/rbus_handle.h
2026-03-05 05:46:38,441 - Knowledge - INFO - done ingest for /app/data/T0015/329127/b993900/tr69hostif-329127/src/unittest/stubs/rbus/src/core/rbuscore.h
2026-03-05 05:46:38,606 - Knowledge - INFO - Fast-tracked /app/data/T0015/329127/b993900/tr69hostif-329127/src/unittest/stubs/ds/audioCompression.hpp (ext=.hpp, size=1906)
2026-03-05 05:46:39,255 - Knowledge - INFO - process ingested knowledge for /app/data/T0015/329127/b993900/tr69hostif-329127/src/unittest/stubs/rbus/src/rtmessage/rtLog.h
2026-03-05 05:46:39,257 - Knowledge - INFO - process ingested knowledge for /app/data/T0015/329127/b993900/tr69hostif-329127/src/unittest/stubs/rbus/src/rbus/rbus_valuechange.h
2026-03-05 05:46:39,831 - Knowledge - INFO - Async storage completed for 6 embeddings
2026-03-05 05:46:40,306 - Knowledge - INFO - Fast-tracked /app/data/T0015/329127/b993900/tr69hostif-329127/src/unittest/stubs/ds/pixelResolution.hpp (small file (2065 bytes))
2026-03-05 05:46:40,308 - Knowledge - INFO - process ingested knowledge for /app/data/T0015/329127/b993900/tr69hostif-329127/src/unittest/stubs/rbus/src/rbus/rbus_log.h
2026-03-05 05:46:40,503 - Knowledge - INFO - process ingested knowledge for /app/data/T0015/329127/b993900/tr69hostif-329127/src/unittest/stubs/rbus/src/rbus/rbus_asyncsubscribe.h
2026-03-05 05:46:40,555 - Knowledge - INFO - [LLM_CALL] Completed: rtConnection.h:chunk1, Duration: 16417ms, PromptTokens: 3640, CompletionTokens: 1039, Cost: $0.00078
2026-03-05 05:46:40,751 - Knowledge - INFO - Fast-tracked /app/data/T0015/329127/b993900/tr69hostif-329127/src/unittest/stubs/mfr_wifi_types.h (small file (2017 bytes))
2026-03-05 05:46:40,808 - Knowledge - INFO - done ingest for /app/data/T0015/329127/b993900/tr69hostif-329127/src/unittest/stubs/rbus/src/rtmessage/rtConnection.h
2026-03-05 05:46:40,823 - Knowledge - INFO - process ingested knowledge for /app/data/T0015/329127/b993900/tr69hostif-329127/src/unittest/stubs/rbus/src/rbus/rbus_buffer.h
2026-03-05 05:46:41,042 - Knowledge - INFO - Processing batch of 6 files
2026-03-05 05:46:41,315 - Knowledge - INFO - process ingested knowledge for /app/data/T0015/329127/b993900/tr69hostif-329127/src/unittest/stubs/rbus/src/rtmessage/rtHashMap.h
2026-03-05 05:46:41,357 - Knowledge - INFO - Fast-tracked /app/data/T0015/329127/b993900/tr69hostif-329127/src/unittest/stubs/rfcapi.h (small file (2343 bytes))
2026-03-05 05:46:41,701 - Knowledge - INFO - [LLM_CALL] Completed: rtRoutingTree.h:chunk1, Duration: 24573ms, PromptTokens: 5074, CompletionTokens: 696, Cost: $0.00079
2026-03-05 05:46:41,860 - Knowledge - INFO - process ingested knowledge for /app/data/T0015/329127/b993900/tr69hostif-329127/src/unittest/stubs/rbus/src/rbus/rbus_intervalsubscription.h
2026-03-05 05:46:41,876 - Knowledge - INFO - done ingest for /app/data/T0015/329127/b993900/tr69hostif-329127/src/unittest/stubs/rbus/src/rtmessage/rtRoutingTree.h
2026-03-05 05:46:42,141 - Knowledge - INFO - process ingested knowledge for /app/data/T0015/329127/b993900/tr69hostif-329127/src/unittest/stubs/rbus/src/rtmessage/rtMessage.h
2026-03-05 05:46:42,269 - Knowledge - INFO - [WEBSOCKET] Sent: Type=progress_update, Size: 290, Duration: 0ms
2026-03-05 05:46:42,476 - Knowledge - INFO - [WEBSOCKET] Sent: Type=unknown, Size: ?, Duration: 207ms
2026-03-05 05:46:42,532 - Knowledge - INFO - [kw9] Queue=240, InProgress=0, PendingWorkers=20/20, Completed=54/366 (14.8%)
2026-03-05 05:46:42,532 - Knowledge - INFO - process ingested knowledge for /app/data/T0015/329127/b993900/tr69hostif-329127/src/unittest/stubs/rbus/src/rtmessage/rtrouter_diag.h
2026-03-05 05:46:42,681 - Knowledge - INFO - Progress: 14.2% | Files: 54/366 | Rate: 0.99 files/sec | Queue: 240
2026-03-05 05:46:42,800 - Knowledge - INFO - [kw12] Queue=240, InProgress=0, PendingWorkers=20/20, Completed=56/366 (15.3%)
2026-03-05 05:46:42,802 - Knowledge - INFO - Batch sizing: calculated=6, max_allowed=10, queue=240, active_workers=20/20
2026-03-05 05:46:42,808 - Knowledge - INFO - Processing batch of 6 files
2026-03-05 05:46:43,079 - Knowledge - INFO - Batch sizing: calculated=6, max_allowed=10, queue=240, active_workers=20/20
2026-03-05 05:46:43,095 - Knowledge - INFO - process ingested knowledge for /app/data/T0015/329127/b993900/tr69hostif-329127/src/unittest/stubs/rbus/src/rtmessage/rtBase64.h
2026-03-05 05:46:43,096 - Knowledge - INFO - [kw2] Queue=240, InProgress=0, PendingWorkers=20/20, Completed=58/366 (15.8%)
2026-03-05 05:46:43,096 - Knowledge - INFO - [kw3] Queue=240, InProgress=0, PendingWorkers=20/20, Completed=58/366 (15.8%)
2026-03-05 05:46:43,096 - Knowledge - INFO - [kw7] Queue=240, InProgress=0, PendingWorkers=20/20, Completed=58/366 (15.8%)
2026-03-05 05:46:43,111 - Knowledge - INFO - Processing batch of 6 files
2026-03-05 05:46:43,186 - Knowledge - INFO - Async storing batch of 6 embeddings
2026-03-05 05:46:43,258 - Knowledge - INFO - process ingested knowledge for /app/data/T0015/329127/b993900/tr69hostif-329127/src/unittest/stubs/rbus/src/rbus/rbus_element.h
2026-03-05 05:46:43,294 - Knowledge - INFO - [kw4] Queue=234, InProgress=0, PendingWorkers=20/20, Completed=60/366 (16.4%)
2026-03-05 05:46:43,360 - Knowledge - INFO - Async storing batch of 6 embeddings
2026-03-05 05:46:43,449 - Knowledge - INFO - process ingested knowledge for /app/data/T0015/329127/b993900/tr69hostif-329127/src/unittest/stubs/rbus/src/rtmessage/rtAtomic.h
2026-03-05 05:46:43,530 - Knowledge - INFO - Batch sizing: calculated=6, max_allowed=10, queue=240, active_workers=20/20
2026-03-05 05:46:43,546 - Knowledge - INFO - Fast-tracked /app/data/T0015/329127/b993900/tr69hostif-329127/src/unittest/stubs/rbus/utils/dataProvider/dmProviderHost.h (small file (2293 bytes))
2026-03-05 05:46:43,611 - Knowledge - INFO - Batch sizing: calculated=6, max_allowed=10, queue=240, active_workers=20/20
2026-03-05 05:46:43,706 - Knowledge - INFO - Batch sizing: calculated=6, max_allowed=10, queue=240, active_workers=20/20
2026-03-05 05:46:43,779 - Knowledge - INFO - process ingested knowledge for /app/data/T0015/329127/b993900/tr69hostif-329127/src/unittest/stubs/rbus/src/core/rbuscore_types.h
2026-03-05 05:46:43,885 - Knowledge - INFO - Worker kw9 processing /app/data/T0015/329127/b993900/tr69hostif-329127/src/unittest/stubs/ds/frontPanelTextDisplay.hpp
2026-03-05 05:46:43,967 - Knowledge - INFO - process ingested knowledge for /app/data/T0015/329127/b993900/tr69hostif-329127/src/unittest/stubs/rbus/src/rbus/rbus_config.h
2026-03-05 05:46:44,098 - Knowledge - INFO - Batch sizing: calculated=6, max_allowed=10, queue=234, active_workers=20/20
2026-03-05 05:46:44,228 - Knowledge - INFO - Worker kw12 processing /app/data/T0015/329127/b993900/tr69hostif-329127/src/unittest/stubs/ds/manager.hpp
2026-03-05 05:46:44,309 - Knowledge - INFO - process ingested knowledge for /app/data/T0015/329127/b993900/tr69hostif-329127/src/unittest/stubs/rbus/src/rtmessage/rtm_discovery_api.h
2026-03-05 05:46:44,407 - Knowledge - INFO - Async storing batch of 6 embeddings
2026-03-05 05:46:44,501 - Knowledge - INFO - Fast-tracked /app/data/T0015/329127/b993900/tr69hostif-329127/src/unittest/stubs/rbus/utils/dataProvider/dmValue.h (small file (2786 bytes))
2026-03-05 05:46:44,595 - Knowledge - INFO - Async storing batch of 6 embeddings
2026-03-05 05:46:44,712 - Knowledge - INFO - Async storing batch of 6 embeddings
2026-03-05 05:46:44,806 - Knowledge - INFO - process ingested knowledge for /app/data/T0015/329127/b993900/tr69hostif-329127/src/unittest/stubs/rbus/src/rtmessage/rtSemaphore.h
2026-03-05 05:46:44,900 - Knowledge - INFO - Worker kw9 processing /app/data/T0015/329127/b993900/tr69hostif-329127/src/unittest/stubs/ds/hostEDID.hpp
2026-03-05 05:46:45,012 - Knowledge - INFO - process ingested knowledge for /app/data/T0015/329127/b993900/tr69hostif-329127/src/unittest/stubs/rbus/src/session_manager/rbus_session_mgr.h
2026-03-05 05:46:45,114 - Knowledge - INFO - Async storing batch of 6 embeddings
2026-03-05 05:46:45,227 - Knowledge - INFO - Worker kw12 processing /app/data/T0015/329127/b993900/tr69hostif-329127/src/unittest/stubs/ds/videoResolution.hpp
2026-03-05 05:46:45,432 - Knowledge - INFO - Worker kw2 processing /app/data/T0015/329127/b993900/tr69hostif-329127/src/unittest/stubs/ds/dslogger.h
2026-03-05 05:46:45,840 - Knowledge - INFO - Worker kw3 processing /app/data/T0015/329127/b993900/tr69hostif-329127/src/unittest/stubs/ds/audioEncoding.hpp
2026-03-05 05:46:45,900 - Knowledge - INFO - [WEBSOCKET] Sent: Type=progress_update, Size: 291, Duration: 0ms
2026-03-05 05:46:45,933 - Knowledge - INFO - Worker kw7 processing /app/data/T0015/329127/b993900/tr69hostif-329127/src/integrationtest/conf/bootstrap.ini
2026-03-05 05:46:46,017 - Knowledge - INFO - process ingested knowledge for /app/data/T0015/329127/b993900/tr69hostif-329127/src/unittest/stubs/rbus/src/rtmessage/rtList.h
2026-03-05 05:46:46,119 - Knowledge - INFO - Fast-tracked /app/data/T0015/329127/b993900/tr69hostif-329127/src/unittest/stubs/ds/hostEDID.hpp (ext=.hpp, size=971)
2026-03-05 05:46:46,216 - Knowledge - INFO - process ingested knowledge for /app/data/T0015/329127/b993900/tr69hostif-329127/src/unittest/stubs/rbus/src/core/rbuscore_logger.h
2026-03-05 05:46:46,320 - Knowledge - INFO - Worker kw4 processing /app/data/T0015/329127/b993900/tr69hostif-329127/src/hostif/src/hostIf_utils.cpp
2026-03-05 05:46:46,442 - Knowledge - INFO - Worker kw12 processing /app/data/T0015/329127/b993900/tr69hostif-329127/src/unittest/stubs/ds/videoOutputPortType.hpp
2026-03-05 05:46:46,541 - Knowledge - INFO - Fast-tracked /app/data/T0015/329127/b993900/tr69hostif-329127/src/unittest/stubs/ds/dslogger.h (ext=.h, size=1378)
2026-03-05 05:46:46,650 - Knowledge - INFO - Fast-tracked /app/data/T0015/329127/b993900/tr69hostif-329127/src/unittest/stubs/ds/audioEncoding.hpp (ext=.hpp, size=1932)
2026-03-05 05:46:46,775 - Knowledge - INFO - [WEBSOCKET] Sent: Type=unknown, Size: ?, Duration: 875ms
2026-03-05 05:46:46,880 - Knowledge - INFO - Fast-tracked /app/data/T0015/329127/b993900/tr69hostif-329127/src/integrationtest/conf/bootstrap.ini (ext=.ini, size=133)
2026-03-05 05:46:46,967 - Knowledge - INFO - process ingested knowledge for /app/data/T0015/329127/b993900/tr69hostif-329127/src/unittest/stubs/rbus/src/rtmessage/rtRoutingTree.h
2026-03-05 05:46:47,057 - Knowledge - INFO - Worker kw9 processing /app/data/T0015/329127/b993900/tr69hostif-329127/src/unittest/stubs/ds/enumerable.hpp
2026-03-05 05:46:47,193 - Knowledge - INFO - process ingested knowledge for /app/data/T0015/329127/b993900/tr69hostif-329127/src/unittest/stubs/rbus/src/core/rbuscore.h
2026-03-05 05:46:47,327 - Knowledge - INFO - Worker kw4 processing /app/data/T0015/329127/b993900/tr69hostif-329127/src/hostif/src/IniFile.cpp
2026-03-05 05:46:47,430 - Knowledge - INFO - Worker kw12 processing /app/data/T0015/329127/b993900/tr69hostif-329127/src/unittest/stubs/ds/exception.hpp
2026-03-05 05:46:47,537 - Knowledge - INFO - Worker kw2 processing /app/data/T0015/329127/b993900/tr69hostif-329127/src/unittest/stubs/ds/videoDevice.hpp
2026-03-05 05:46:47,675 - Knowledge - INFO - Worker kw3 processing /app/data/T0015/329127/b993900/tr69hostif-329127/src/unittest/stubs/ds/libprocps.cpp
2026-03-05 05:46:47,803 - Knowledge - INFO - Progress: 16.4% | Files: 60/366 | Rate: 1.03 files/sec | Queue: 204
2026-03-05 05:46:47,936 - Knowledge - INFO - Worker kw7 processing /app/data/T0015/329127/b993900/tr69hostif-329127/src/integrationtest/conf/rfcdefaults.ini
2026-03-05 05:46:48,032 - Knowledge - INFO - process ingested knowledge for /app/data/T0015/329127/b993900/tr69hostif-329127/src/unittest/stubs/rbus/src/rtmessage/rtEncoder.h
2026-03-05 05:46:48,156 - Knowledge - INFO - Fast-tracked /app/data/T0015/329127/b993900/tr69hostif-329127/src/unittest/stubs/ds/enumerable.hpp (ext=.hpp, size=1345)
2026-03-05 05:46:48,364 - Knowledge - INFO - process ingested knowledge for /app/data/T0015/329127/b993900/tr69hostif-329127/src/unittest/stubs/rbus/src/core/rbuscore_message.h
2026-03-05 05:46:48,436 - Knowledge - INFO - Worker kw4 processing /app/data/T0015/329127/b993900/tr69hostif-329127/src/hostif/src/gtest/gtest_src.cpp
2026-03-05 05:46:48,566 - Knowledge - INFO - Worker kw12 processing /app/data/T0015/329127/b993900/tr69hostif-329127/src/unittest/stubs/ds/aspectRatio.hpp
2026-03-05 05:46:48,745 - Knowledge - INFO - Worker kw2 processing /app/data/T0015/329127/b993900/tr69hostif-329127/src/unittest/stubs/ds/frameRate.hpp
2026-03-05 05:46:48,803 - Knowledge - INFO - Fast-tracked /app/data/T0015/329127/b993900/tr69hostif-329127/src/unittest/stubs/ds/libprocps.cpp (ext=.cpp, size=344)
2026-03-05 05:46:48,875 - Knowledge - INFO - [kw8] Queue=204, InProgress=0, PendingWorkers=20/20, Completed=60/366 (16.4%)
2026-03-05 05:46:49,011 - Knowledge - INFO - Fast-tracked /app/data/T0015/329127/b993900/tr69hostif-329127/src/integrationtest/conf/rfcdefaults.ini (ext=.ini, size=68)
2026-03-05 05:46:49,127 - Knowledge - INFO - process ingested knowledge for /app/data/T0015/329127/b993900/tr69hostif-329127/src/unittest/stubs/rbus/src/rtmessage/rtConnection.h
2026-03-05 05:46:49,238 - Knowledge - INFO - Worker kw9 processing /app/data/T0015/329127/b993900/tr69hostif-329127/src/unittest/stubs/ds/edid-parser.hpp
2026-03-05 05:46:49,494 - Knowledge - INFO - Worker kw4 processing /app/data/T0015/329127/b993900/tr69hostif-329127/src/hostif/include/IniFile.h
2026-03-05 05:46:49,573 - Knowledge - INFO - Fast-tracked /app/data/T0015/329127/b993900/tr69hostif-329127/src/unittest/stubs/ds/aspectRatio.hpp (ext=.hpp, size=1765)
2026-03-05 05:46:49,723 - Knowledge - INFO - Worker kw2 processing /app/data/T0015/329127/b993900/tr69hostif-329127/src/unittest/stubs/ds/videoOutputPort.hpp
2026-03-05 05:46:49,843 - Knowledge - INFO - Fast-tracked /app/data/T0015/329127/b993900/tr69hostif-329127/src/unittest/stubs/ds/illegalArgumentException.hpp (small file (2106 bytes))
2026-03-05 05:46:49,869 - Knowledge - INFO - Worker kw3 processing /app/data/T0015/329127/b993900/tr69hostif-329127/src/unittest/stubs/ds/audioStereoMode.hpp
2026-03-05 05:46:49,966 - Knowledge - INFO - Batch sizing: calculated=6, max_allowed=10, queue=204, active_workers=20/20
2026-03-05 05:46:50,090 - Knowledge - INFO - Worker kw7 processing /app/data/T0015/329127/b993900/tr69hostif-329127/src/integrationtest/conf/tr181store.ini
2026-03-05 05:46:50,334 - Knowledge - INFO - Worker kw9 processing /app/data/T0015/329127/b993900/tr69hostif-329127/src/unittest/stubs/ds/audioOutputPort.hpp
2026-03-05 05:46:50,509 - Knowledge - INFO - Fast-tracked /app/data/T0015/329127/b993900/tr69hostif-329127/src/hostif/include/IniFile.h (ext=.h, size=1376)
2026-03-05 05:46:50,615 - Knowledge - INFO - Worker kw12 processing /app/data/T0015/329127/b993900/tr69hostif-329127/src/unittest/stubs/ds/frontPanelConfig.hpp
2026-03-05 05:46:50,925 - Knowledge - INFO - Worker kw2 processing /app/data/T0015/329127/b993900/tr69hostif-329127/src/unittest/stubs/ds/dsConstant.hpp
2026-03-05 05:46:50,993 - Knowledge - INFO - Fast-tracked /app/data/T0015/329127/b993900/tr69hostif-329127/src/unittest/stubs/mfr_wifi_api.h (small file (3052 bytes))
2026-03-05 05:46:51,186 - Knowledge - INFO - Worker kw3 processing /app/data/T0015/329127/b993900/tr69hostif-329127/src/unittest/stubs/ds/unsupportedOperationException.hpp
2026-03-05 05:46:51,401 - Knowledge - INFO - Fast-tracked /app/data/T0015/329127/b993900/tr69hostif-329127/src/unittest/stubs/ds/audioOutputPortType.hpp (small file (2639 bytes))
2026-03-05 05:46:51,607 - Knowledge - INFO - Fast-tracked /app/data/T0015/329127/b993900/tr69hostif-329127/src/integrationtest/conf/tr181store.ini (ext=.ini, size=68)
2026-03-05 05:46:51,692 - Knowledge - INFO - Worker kw9 processing /app/data/T0015/329127/b993900/tr69hostif-329127/src/unittest/stubs/ds/stereoScopicMode.hpp
2026-03-05 05:46:51,693 - Knowledge - INFO - Async storing batch of 6 embeddings
2026-03-05 05:46:51,792 - Knowledge - INFO - Worker kw4 processing /app/data/T0015/329127/b993900/tr69hostif-329127/src/hostif/include/hostIf_tr69ReqHandler.h
2026-03-05 05:46:51,999 - Knowledge - INFO - Async storage completed for 6 embeddings
2026-03-05 05:46:52,218 - Knowledge - INFO - Worker kw2 processing /app/data/T0015/329127/b993900/tr69hostif-329127/src/unittest/stubs/ds/hdmiIn.hpp
2026-03-05 05:46:52,495 - Knowledge - INFO - Worker kw3 processing /app/data/T0015/329127/b993900/tr69hostif-329127/src/unittest/stubs/dsError.h
2026-03-05 05:46:52,735 - Knowledge - INFO - Fast-tracked /app/data/T0015/329127/b993900/tr69hostif-329127/src/unittest/stubs/ds/compositeIn.hpp (small file (2549 bytes))
2026-03-05 05:46:52,772 - Knowledge - INFO - Worker kw7 processing /app/data/T0015/329127/b993900/tr69hostif-329127/src/integrationtest/conf/rfcVariable.ini
2026-03-05 05:46:52,780 - Knowledge - INFO - [kw5] Queue=198, InProgress=0, PendingWorkers=20/20, Completed=60/366 (16.4%)
2026-03-05 05:46:52,894 - Knowledge - INFO - Fast-tracked /app/data/T0015/329127/b993900/tr69hostif-329127/src/unittest/stubs/ds/stereoScopicMode.hpp (ext=.hpp, size=1999)
2026-03-05 05:46:53,036 - Knowledge - INFO - Worker kw8 processing /app/data/T0015/329127/b993900/tr69hostif-329127/src/hostif/include/hostIf_main.h
2026-03-05 05:46:53,156 - Knowledge - INFO - Worker kw4 processing /app/data/T0015/329127/b993900/tr69hostif-329127/src/hostif/include/hostIf_utils.h
2026-03-05 05:46:53,717 - Knowledge - INFO - Fast-tracked /app/data/T0015/329127/b993900/tr69hostif-329127/src/unittest/stubs/ds/videoDevice.hpp (small file (2880 bytes))
2026-03-05 05:46:53,837 - Knowledge - INFO - Worker kw3 processing /app/data/T0015/329127/b993900/tr69hostif-329127/src/unittest/stubs/wrp-c.h
2026-03-05 05:46:54,175 - Knowledge - INFO - Fast-tracked /app/data/T0015/329127/b993900/tr69hostif-329127/src/integrationtest/conf/rfcVariable.ini (ext=.ini, size=168)
2026-03-05 05:46:54,293 - Knowledge - INFO - Batch sizing: calculated=5, max_allowed=10, queue=198, active_workers=20/20
2026-03-05 05:46:54,311 - Knowledge - INFO - [kw6] Queue=198, InProgress=0, PendingWorkers=20/20, Completed=60/366 (16.4%)
2026-03-05 05:46:54,539 - Knowledge - INFO - Async storage completed for 6 embeddings
2026-03-05 05:46:54,686 - Knowledge - INFO - Worker kw8 processing /app/data/T0015/329127/b993900/tr69hostif-329127/src/hostif/profiles/Device/x_rdk_profile.h
2026-03-05 05:46:55,027 - Knowledge - INFO - Fast-tracked /app/data/T0015/329127/b993900/tr69hostif-329127/src/unittest/stubs/ds/frameRate.hpp (small file (2293 bytes))
2026-03-05 05:46:55,176 - Knowledge - INFO - Fast-tracked /app/data/T0015/329127/b993900/tr69hostif-329127/src/unittest/stubs/ds/audioStereoMode.hpp (small file (2119 bytes))
2026-03-05 05:46:55,182 - Knowledge - INFO - Worker kw7 processing /app/data/T0015/329127/b993900/tr69hostif-329127/src/backgroundrun.c
2026-03-05 05:46:55,331 - Knowledge - INFO - Async storing batch of 6 embeddings
2026-03-05 05:46:55,452 - Knowledge - INFO - Batch sizing: calculated=5, max_allowed=10, queue=198, active_workers=20/20
2026-03-05 05:46:55,825 - Knowledge - INFO - Worker kw8 processing /app/data/T0015/329127/b993900/tr69hostif-329127/src/hostif/profiles/Device/x_rdk_profile.cpp
2026-03-05 05:46:55,926 - Knowledge - INFO - [LLM_CALL] Completed: dsFPDTypes.h:chunk1, Duration: 21877ms, PromptTokens: 5932, CompletionTokens: 698, Cost: $0.00087
2026-03-05 05:46:56,201 - Knowledge - INFO - Fast-tracked /app/data/T0015/329127/b993900/tr69hostif-329127/src/unittest/stubs/ds/unsupportedOperationException.hpp (small file (2109 bytes))
2026-03-05 05:46:56,257 - Knowledge - INFO - Fast-tracked /app/data/T0015/329127/b993900/tr69hostif-329127/src/backgroundrun.c (ext=.c, size=1180)
2026-03-05 05:46:56,369 - Knowledge - INFO - Worker kw5 processing /app/data/T0015/329127/b993900/tr69hostif-329127/src/hostif/profiles/moca/Device_MoCA_Interface_AssociatedDevice.h
2026-03-05 05:46:56,724 - Knowledge - INFO - Worker kw8 processing /app/data/T0015/329127/b993900/tr69hostif-329127/src/hostif/profiles/Device/gtest/gtest_device.cpp
2026-03-05 05:46:56,775 - Knowledge - INFO - done ingest for /app/data/T0015/329127/b993900/tr69hostif-329127/src/unittest/stubs/dsFPDTypes.h
2026-03-05 05:46:56,843 - Knowledge - INFO - Async storing batch of 6 embeddings
2026-03-05 05:46:57,125 - Knowledge - INFO - Worker kw7 processing /app/data/T0015/329127/b993900/tr69hostif-329127/src/hostif/src/hostIf_main.cpp
2026-03-05 05:46:57,303 - Knowledge - INFO - Worker kw5 processing /app/data/T0015/329127/b993900/tr69hostif-329127/src/hostif/profiles/moca/Device_MoCA_Interface_QoS.cpp
2026-03-05 05:46:57,558 - Knowledge - INFO - Worker kw8 processing /app/data/T0015/329127/b993900/tr69hostif-329127/src/hostif/profiles/moca/Device_MoCA_Interface.cpp
2026-03-05 05:46:57,806 - Knowledge - INFO - Worker kw6 processing /app/data/T0015/329127/b993900/tr69hostif-329127/src/hostif/profiles/moca/Device_MoCA_Interface_QoS_FlowStats.h
2026-03-05 05:46:58,396 - Knowledge - INFO - Worker kw5 processing /app/data/T0015/329127/b993900/tr69hostif-329127/src/hostif/profiles/moca/Device_MoCA_Interface_X_RDKCENTRAL_COM_MeshTable.cpp
2026-03-05 05:46:58,517 - Knowledge - INFO - [LLM_CALL] Completed: libparodus.h:chunk1, Duration: 16641ms, PromptTokens: 3944, CompletionTokens: 485, Cost: $0.00059
2026-03-05 05:46:58,723 - Knowledge - INFO - Worker kw8 processing /app/data/T0015/329127/b993900/tr69hostif-329127/src/hostif/profiles/moca/Device_MoCA_Interface_QoS_FlowStats.cpp
2026-03-05 05:46:58,923 - Knowledge - INFO - Worker kw6 processing /app/data/T0015/329127/b993900/tr69hostif-329127/src/hostif/profiles/moca/Device_MoCA_Interface_Stats.h
2026-03-05 05:46:59,231 - Knowledge - INFO - Worker kw5 processing /app/data/T0015/329127/b993900/tr69hostif-329127/src/hostif/profiles/moca/Device_MoCA_Interface_Stats.cpp
2026-03-05 05:46:59,337 - Knowledge - INFO - done ingest for /app/data/T0015/329127/b993900/tr69hostif-329127/src/unittest/stubs/libparodus.h
2026-03-05 05:46:59,386 - Knowledge - INFO - [LLM_CALL] Completed: host.hpp:chunk1, Duration: 21916ms, PromptTokens: 2776, CompletionTokens: 1249, Cost: $0.00078
2026-03-05 05:46:59,671 - Knowledge - INFO - Worker kw6 processing /app/data/T0015/329127/b993900/tr69hostif-329127/src/hostif/profiles/moca/Device_MoCA_Interface_QoS.h
2026-03-05 05:46:59,778 - Knowledge - INFO - Worker kw5 processing /app/data/T0015/329127/b993900/tr69hostif-329127/src/hostif/profiles/moca/Device_MoCA_Interface.h
2026-03-05 05:47:00,025 - Knowledge - INFO - done ingest for /app/data/T0015/329127/b993900/tr69hostif-329127/src/unittest/stubs/ds/host.hpp
2026-03-05 05:47:00,037 - Knowledge - INFO - [LLM_CALL] Completed: dmUtility.h:chunk1, Duration: 34410ms, PromptTokens: 2758, CompletionTokens: 462, Cost: $0.00046
2026-03-05 05:47:00,223 - Knowledge - INFO - Worker kw6 processing /app/data/T0015/329127/b993900/tr69hostif-329127/src/hostif/profiles/moca/Device_MoCA_Interface_X_RDKCENTRAL_COM_MeshTable.h
2026-03-05 05:47:00,676 - Knowledge - INFO - done ingest for /app/data/T0015/329127/b993900/tr69hostif-329127/src/unittest/stubs/rbus/utils/dataProvider/dmUtility.h
2026-03-05 05:47:00,836 - Knowledge - INFO - Worker kw6 processing /app/data/T0015/329127/b993900/tr69hostif-329127/src/hostif/profiles/moca/Device_MoCA_Interface_AssociatedDevice.cpp
2026-03-05 05:47:01,110 - Knowledge - INFO - Fast-tracked /app/data/T0015/329127/b993900/tr69hostif-329127/src/unittest/stubs/ds/videoDFC.hpp (small file (2656 bytes))
2026-03-05 05:47:02,067 - Knowledge - INFO - Processing batch of 6 files
2026-03-05 05:47:02,122 - Knowledge - INFO - Processing batch of 6 files
2026-03-05 05:47:02,272 - Knowledge - INFO - process ingested knowledge for /app/data/T0015/329127/b993900/tr69hostif-329127/src/unittest/stubs/ds/displayConnectionChangeListener.hpp
2026-03-05 05:47:02,560 - Knowledge - INFO - process ingested knowledge for /app/data/T0015/329127/b993900/tr69hostif-329127/src/unittest/stubs/rbus/utils/dataProvider/dmQuery.h
2026-03-05 05:47:02,590 - Knowledge - INFO - [LLM_CALL] Completed: frontPanelSettings.hpp:chunk1, Duration: 21158ms, PromptTokens: 3002, CompletionTokens: 298, Cost: $0.00042
2026-03-05 05:47:02,674 - Knowledge - INFO - process ingested knowledge for /app/data/T0015/329127/b993900/tr69hostif-329127/src/unittest/stubs/ds/dsHALConfig.h
2026-03-05 05:47:02,796 - Knowledge - INFO - process ingested knowledge for /app/data/T0015/329127/b993900/tr69hostif-329127/src/unittest/stubs/rbus/utils/dataProvider/dmProviderOperation.h
2026-03-05 05:47:03,007 - Knowledge - INFO - done ingest for /app/data/T0015/329127/b993900/tr69hostif-329127/src/unittest/stubs/ds/frontPanelSettings.hpp
2026-03-05 05:47:03,008 - Knowledge - INFO - [LLM_CALL] Completed: secure_wrapper.h:chunk1, Duration: 22071ms, PromptTokens: 2524, CompletionTokens: 446, Cost: $0.00043
2026-03-05 05:47:03,138 - Knowledge - INFO - process ingested knowledge for /app/data/T0015/329127/b993900/tr69hostif-329127/src/unittest/stubs/ds/powerModeChangeListener.hpp
2026-03-05 05:47:03,241 - Knowledge - INFO - process ingested knowledge for /app/data/T0015/329127/b993900/tr69hostif-329127/src/unittest/stubs/rbus/utils/dataProvider/dmUtility.h
2026-03-05 05:47:03,747 - Knowledge - INFO - done ingest for /app/data/T0015/329127/b993900/tr69hostif-329127/src/unittest/stubs/secure_wrapper.h
2026-03-05 05:47:03,905 - Knowledge - INFO - process ingested knowledge for /app/data/T0015/329127/b993900/tr69hostif-329127/src/unittest/stubs/ds/host.hpp
2026-03-05 05:47:04,009 - Knowledge - INFO - process ingested knowledge for /app/data/T0015/329127/b993900/tr69hostif-329127/src/unittest/stubs/rbus/utils/dataProvider/dmProviderDatabase.h
2026-03-05 05:47:04,216 - Knowledge - INFO - [LLM_CALL] Completed: sysMgr.h:chunk1, Duration: 32979ms, PromptTokens: 6798, CompletionTokens: 1101, Cost: $0.00112
2026-03-05 05:47:04,331 - Knowledge - INFO - process ingested knowledge for /app/data/T0015/329127/b993900/tr69hostif-329127/src/unittest/stubs/ds/dsregisterlog.h
2026-03-05 05:47:04,430 - Knowledge - INFO - process ingested knowledge for /app/data/T0015/329127/b993900/tr69hostif-329127/src/unittest/stubs/libparodus_log.h
2026-03-05 05:47:04,536 - Knowledge - INFO - done ingest for /app/data/T0015/329127/b993900/tr69hostif-329127/src/unittest/stubs/sysMgr.h
2026-03-05 05:47:04,542 - Knowledge - INFO - [LLM_CALL] Completed: dsHdmiInTypes.h:chunk1, Duration: 33207ms, PromptTokens: 4296, CompletionTokens: 311, Cost: $0.00055
2026-03-05 05:47:04,698 - Knowledge - INFO - process ingested knowledge for /app/data/T0015/329127/b993900/tr69hostif-329127/src/unittest/stubs/ds/sleepMode.hpp
2026-03-05 05:47:04,843 - Knowledge - INFO - process ingested knowledge for /app/data/T0015/329127/b993900/tr69hostif-329127/src/unittest/stubs/dsFPDTypes.h
2026-03-05 05:47:05,117 - Knowledge - INFO - done ingest for /app/data/T0015/329127/b993900/tr69hostif-329127/src/unittest/stubs/dsHdmiInTypes.h
2026-03-05 05:47:05,269 - Knowledge - INFO - [LLM_CALL] Completed: dsAVDTypes.h:chunk1, Duration: 34142ms, PromptTokens: 17592, CompletionTokens: 628, Cost: $0.00201
2026-03-05 05:47:05,617 - Knowledge - INFO - done ingest for /app/data/T0015/329127/b993900/tr69hostif-329127/src/unittest/stubs/dsAVDTypes.h
2026-03-05 05:47:06,745 - Knowledge - INFO - Fast-tracked /app/data/T0015/329127/b993900/tr69hostif-329127/src/unittest/stubs/ds/videoResolution.hpp (small file (2735 bytes))
2026-03-05 05:47:07,511 - Knowledge - INFO - Processing batch of 6 files
2026-03-05 05:47:07,786 - Knowledge - INFO - process ingested knowledge for /app/data/T0015/329127/b993900/tr69hostif-329127/src/unittest/stubs/file_writer.cpp
2026-03-05 05:47:08,262 - Knowledge - INFO - process ingested knowledge for /app/data/T0015/329127/b993900/tr69hostif-329127/src/unittest/stubs/powerctrl_stubs.cpp
2026-03-05 05:47:08,496 - Knowledge - INFO - Processing batch of 6 files
2026-03-05 05:47:08,744 - Knowledge - INFO - Processing batch of 6 files
2026-03-05 05:47:08,786 - Knowledge - INFO - process ingested knowledge for /app/data/T0015/329127/b993900/tr69hostif-329127/src/unittest/stubs/dsHdmiInTypes.h
2026-03-05 05:47:09,017 - Knowledge - INFO - process ingested knowledge for /app/data/T0015/329127/b993900/tr69hostif-329127/src/unittest/stubs/cimplog/cimplog.h
2026-03-05 05:47:09,032 - Knowledge - INFO - [WEBSOCKET] Sent: Type=progress_update, Size: 290, Duration: 0ms
2026-03-05 05:47:09,046 - Knowledge - INFO - Fast-tracked /app/data/T0015/329127/b993900/tr69hostif-329127/src/hostif/src/IniFile.cpp (small file (2872 bytes))
2026-03-05 05:47:09,053 - Knowledge - INFO - process ingested knowledge for /app/data/T0015/329127/b993900/tr69hostif-329127/src/unittest/stubs/partners_defaults_device.json
2026-03-05 05:47:09,151 - Knowledge - INFO - process ingested knowledge for /app/data/T0015/329127/b993900/tr69hostif-329127/src/unittest/stubs/tr181store.ini
2026-03-05 05:47:09,294 - Knowledge - INFO - process ingested knowledge for /app/data/T0015/329127/b993900/tr69hostif-329127/src/unittest/stubs/sysMgr.h
2026-03-05 05:47:09,605 - Knowledge - INFO - [WEBSOCKET] Sent: Type=unknown, Size: ?, Duration: 573ms
2026-03-05 05:47:09,855 - Knowledge - INFO - process ingested knowledge for /app/data/T0015/329127/b993900/tr69hostif-329127/src/unittest/stubs/rdk_debug.h
2026-03-05 05:47:09,999 - Knowledge - INFO - process ingested knowledge for /app/data/T0015/329127/b993900/tr69hostif-329127/src/unittest/stubs/dm_stubs.h
2026-03-05 05:47:10,163 - Knowledge - INFO - process ingested knowledge for /app/data/T0015/329127/b993900/tr69hostif-329127/src/unittest/stubs/rfcapi.h
2026-03-05 05:47:10,284 - Knowledge - INFO - Progress: 24.6% | Files: 90/366 | Rate: 1.11 files/sec | Queue: 188
2026-03-05 05:47:10,315 - Knowledge - INFO - [LLM_CALL] Completed: rbus_property.h:chunk1, Duration: 51828ms, PromptTokens: 9496, CompletionTokens: 1072, Cost: $0.00138
2026-03-05 05:47:10,411 - Knowledge - INFO - process ingested knowledge for /app/data/T0015/329127/b993900/tr69hostif-329127/src/unittest/stubs/paramMgr.h
2026-03-05 05:47:10,599 - Knowledge - INFO - process ingested knowledge for /app/data/T0015/329127/b993900/tr69hostif-329127/src/unittest/stubs/ds/frontPanelSettings.hpp
2026-03-05 05:47:10,708 - Knowledge - INFO - process ingested knowledge for /app/data/T0015/329127/b993900/tr69hostif-329127/src/unittest/stubs/libparodus.h
2026-03-05 05:47:10,860 - Knowledge - INFO - [kw20] Queue=188, InProgress=0, PendingWorkers=20/20, Completed=90/366 (24.6%)
2026-03-05 05:47:11,034 - Knowledge - INFO - done ingest for /app/data/T0015/329127/b993900/tr69hostif-329127/src/unittest/stubs/rbus/include/rbus_property.h
2026-03-05 05:47:11,035 - Knowledge - INFO - [kw13] Queue=188, InProgress=0, PendingWorkers=20/20, Completed=90/366 (24.6%)
2026-03-05 05:47:11,036 - Knowledge - INFO - [LLM_CALL] Completed: rbus_message.h:chunk1, Duration: 27606ms, PromptTokens: 3034, CompletionTokens: 379, Cost: $0.00046
2026-03-05 05:47:11,130 - Knowledge - INFO - process ingested knowledge for /app/data/T0015/329127/b993900/tr69hostif-329127/src/unittest/stubs/dsAVDTypes.h
2026-03-05 05:47:11,224 - Knowledge - INFO - process ingested knowledge for /app/data/T0015/329127/b993900/tr69hostif-329127/src/unittest/stubs/ds/audioOutputPortType.hpp
2026-03-05 05:47:11,411 - Knowledge - INFO - Batch sizing: calculated=5, max_allowed=10, queue=188, active_workers=20/20
2026-03-05 05:47:11,601 - Knowledge - INFO - Async storage completed for 6 embeddings
2026-03-05 05:47:11,710 - Knowledge - INFO - Batch sizing: calculated=5, max_allowed=10, queue=188, active_workers=20/20
2026-03-05 05:47:11,869 - Knowledge - INFO - done ingest for /app/data/T0015/329127/b993900/tr69hostif-329127/src/unittest/stubs/rbus/include/rbus_message.h
2026-03-05 05:47:11,875 - Knowledge - INFO - [LLM_CALL] Completed: list.hpp:chunk1, Duration: 20710ms, PromptTokens: 2282, CompletionTokens: 409, Cost: $0.00039
2026-03-05 05:47:12,391 - Knowledge - INFO - process ingested knowledge for /app/data/T0015/329127/b993900/tr69hostif-329127/src/unittest/stubs/mfr_wifi_types.h
2026-03-05 05:47:12,399 - Knowledge - INFO - process ingested knowledge for /app/data/T0015/329127/b993900/tr69hostif-329127/src/unittest/stubs/ds/compositeIn.hpp
2026-03-05 05:47:12,788 - Knowledge - INFO - done ingest for /app/data/T0015/329127/b993900/tr69hostif-329127/src/unittest/stubs/ds/list.hpp
2026-03-05 05:47:12,816 - Knowledge - INFO - [LLM_CALL] Completed: rbus_filter.h:chunk1, Duration: 40012ms, PromptTokens: 4684, CompletionTokens: 786, Cost: $0.00078
2026-03-05 05:47:12,917 - Knowledge - INFO - process ingested knowledge for /app/data/T0015/329127/b993900/tr69hostif-329127/src/unittest/stubs/secure_wrapper.h
2026-03-05 05:47:13,239 - Knowledge - INFO - done ingest for /app/data/T0015/329127/b993900/tr69hostif-329127/src/unittest/stubs/rbus/include/rbus_filter.h
2026-03-05 05:47:13,255 - Knowledge - INFO - Async storing batch of 6 embeddings
2026-03-05 05:47:13,271 - Knowledge - INFO - [LLM_CALL] Completed: rtTime.h:chunk1, Duration: 56141ms, PromptTokens: 2454, CompletionTokens: 359, Cost: $0.00039
2026-03-05 05:47:13,271 - Knowledge - INFO - Async storing batch of 6 embeddings
2026-03-05 05:47:13,735 - Knowledge - INFO - Worker kw20 processing /app/data/T0015/329127/b993900/tr69hostif-329127/src/hostif/profiles/DeviceInfo/XrdkBlueTooth.cpp
2026-03-05 05:47:13,916 - Knowledge - INFO - done ingest for /app/data/T0015/329127/b993900/tr69hostif-329127/src/unittest/stubs/rbus/src/rtmessage/rtTime.h
2026-03-05 05:47:14,097 - Knowledge - INFO - Worker kw13 processing /app/data/T0015/329127/b993900/tr69hostif-329127/src/hostif/profiles/DeviceInfo/Device_DeviceInfo_ProcessStatus_Process.cpp
2026-03-05 05:47:14,269 - Knowledge - INFO - Fast-tracked /app/data/T0015/329127/b993900/tr69hostif-329127/src/hostif/profiles/moca/Device_MoCA_Interface_QoS.cpp (small file (2300 bytes))
2026-03-05 05:47:14,327 - Knowledge - INFO - Worker kw20 processing /app/data/T0015/329127/b993900/tr69hostif-329127/src/hostif/profiles/DeviceInfo/Device_DeviceInfo_Processor.h
2026-03-05 05:47:14,564 - Knowledge - INFO - [kw18] Queue=178, InProgress=0, PendingWorkers=20/20, Completed=90/366 (24.6%)
2026-03-05 05:47:14,581 - Knowledge - INFO - Worker kw13 processing /app/data/T0015/329127/b993900/tr69hostif-329127/src/hostif/profiles/DeviceInfo/XrdkCentralComRFC.h
2026-03-05 05:47:14,666 - Knowledge - INFO - [LLM_CALL] Completed: dsCompositeInTypes.h:chunk1, Duration: 49039ms, PromptTokens: 2778, CompletionTokens: 173, Cost: $0.00035
2026-03-05 05:47:14,889 - Knowledge - INFO - Worker kw20 processing /app/data/T0015/329127/b993900/tr69hostif-329127/src/hostif/profiles/DeviceInfo/XrdkCentralComBSStoreJournal.h
2026-03-05 05:47:15,085 - Knowledge - INFO - Batch sizing: calculated=5, max_allowed=10, queue=178, active_workers=20/20
2026-03-05 05:47:15,195 - Knowledge - INFO - Fast-tracked /app/data/T0015/329127/b993900/tr69hostif-329127/src/hostif/profiles/Device/x_rdk_profile.h (small file (2929 bytes))
2026-03-05 05:47:15,236 - Knowledge - INFO - Fast-tracked /app/data/T0015/329127/b993900/tr69hostif-329127/src/hostif/profiles/DeviceInfo/XrdkCentralComRFC.h (ext=.h, size=1502)
2026-03-05 05:47:15,740 - Knowledge - INFO - done ingest for /app/data/T0015/329127/b993900/tr69hostif-329127/src/unittest/stubs/dsCompositeInTypes.h
2026-03-05 05:47:15,924 - Knowledge - INFO - Worker kw20 processing /app/data/T0015/329127/b993900/tr69hostif-329127/src/hostif/profiles/DeviceInfo/XrdkCentralComBSStore.cpp
2026-03-05 05:47:16,341 - Knowledge - INFO - Worker kw13 processing /app/data/T0015/329127/b993900/tr69hostif-329127/src/hostif/profiles/DeviceInfo/XrdkCentralComRFCStore.cpp
2026-03-05 05:47:16,638 - Knowledge - INFO - Async storing batch of 6 embeddings
2026-03-05 05:47:16,723 - Knowledge - INFO - Worker kw20 processing /app/data/T0015/329127/b993900/tr69hostif-329127/src/hostif/profiles/DeviceInfo/Device_DeviceInfo.cpp
2026-03-05 05:47:16,845 - Knowledge - INFO - Worker kw13 processing /app/data/T0015/329127/b993900/tr69hostif-329127/src/hostif/profiles/DeviceInfo/Device_DeviceInfo_ProcessStatus.cpp
2026-03-05 05:47:17,012 - Knowledge - INFO - Worker kw18 processing /app/data/T0015/329127/b993900/tr69hostif-329127/src/hostif/profiles/DeviceInfo/Device_DeviceInfo.h
2026-03-05 05:47:17,198 - Knowledge - INFO - Fast-tracked /app/data/T0015/329127/b993900/tr69hostif-329127/src/hostif/profiles/DeviceInfo/Device_DeviceInfo.cpp (ext=.cpp, size=218541)
2026-03-05 05:47:17,306 - Knowledge - INFO - Worker kw13 processing /app/data/T0015/329127/b993900/tr69hostif-329127/src/hostif/profiles/DeviceInfo/Device_DeviceInfo_ProcessStatus_Process.h
2026-03-05 05:47:17,343 - Knowledge - INFO - [LLM_CALL] Completed: frontPanelIndicator.hpp:chunk1, Duration: 36797ms, PromptTokens: 3688, CompletionTokens: 815, Cost: $0.00069
2026-03-05 05:47:17,372 - Knowledge - INFO - [kw19] Queue=173, InProgress=0, PendingWorkers=20/20, Completed=90/366 (24.6%)
2026-03-05 05:47:17,445 - Knowledge - INFO - Worker kw18 processing /app/data/T0015/329127/b993900/tr69hostif-329127/src/hostif/profiles/DeviceInfo/XrdkCentralComBSStore.h
2026-03-05 05:47:17,553 - Knowledge - INFO - Split /app/data/T0015/329127/b993900/tr69hostif-329127/src/hostif/profiles/DeviceInfo/XrdkBlueTooth.cpp (89617 bytes) into 3 chunks of ~32KB
2026-03-05 05:47:17,741 - Knowledge - INFO - done ingest for /app/data/T0015/329127/b993900/tr69hostif-329127/src/unittest/stubs/ds/frontPanelIndicator.hpp
2026-03-05 05:47:17,894 - Knowledge - INFO - Batch sizing: calculated=5, max_allowed=10, queue=173, active_workers=20/20
2026-03-05 05:47:17,981 - Knowledge - INFO - [kw17] Queue=173, InProgress=0, PendingWorkers=20/20, Completed=90/366 (24.6%)
2026-03-05 05:47:18,031 - Knowledge - INFO - Worker kw18 processing /app/data/T0015/329127/b993900/tr69hostif-329127/src/hostif/profiles/DeviceInfo/XrdkBlueTooth.h
2026-03-05 05:47:18,451 - Knowledge - INFO - Async storing batch of 6 embeddings
2026-03-05 05:47:18,616 - Knowledge - INFO - Batch sizing: calculated=5, max_allowed=10, queue=173, active_workers=20/20
2026-03-05 05:47:18,710 - Knowledge - INFO - [LLM_CALL] Completed: dsTypes.h:chunk1, Duration: 36774ms, PromptTokens: 2656, CompletionTokens: 250, Cost: $0.00037
2026-03-05 05:47:18,742 - Knowledge - INFO - Worker kw18 processing /app/data/T0015/329127/b993900/tr69hostif-329127/src/hostif/profiles/DeviceInfo/XrdkCentralComRFC.cpp
2026-03-05 05:47:18,929 - Knowledge - INFO - Worker kw19 processing /app/data/T0015/329127/b993900/tr69hostif-329127/src/hostif/profiles/DeviceInfo/Device_DeviceInfo_Processor.cpp
2026-03-05 05:47:19,279 - Knowledge - INFO - done ingest for /app/data/T0015/329127/b993900/tr69hostif-329127/src/unittest/stubs/dsTypes.h
2026-03-05 05:47:19,318 - Knowledge - INFO - Async storing batch of 6 embeddings
2026-03-05 05:47:19,495 - Knowledge - INFO - Worker kw18 processing /app/data/T0015/329127/b993900/tr69hostif-329127/src/hostif/profiles/DeviceInfo/Device_DeviceInfo_ProcessStatus.h
2026-03-05 05:47:19,709 - Knowledge - INFO - Worker kw19 processing /app/data/T0015/329127/b993900/tr69hostif-329127/src/hostif/profiles/DeviceInfo/gtest/gtest_main.cpp
2026-03-05 05:47:19,824 - Knowledge - INFO - Processing batch of 6 files
2026-03-05 05:47:20,009 - Knowledge - INFO - Worker kw17 processing /app/data/T0015/329127/b993900/tr69hostif-329127/src/hostif/profiles/STBService/Capabilities.h
2026-03-05 05:47:20,263 - Knowledge - INFO - Fast-tracked /app/data/T0015/329127/b993900/tr69hostif-329127/src/hostif/profiles/DeviceInfo/gtest/gtest_main.cpp (ext=.cpp, size=175795)
2026-03-05 05:47:20,335 - Knowledge - INFO - Split /app/data/T0015/329127/b993900/tr69hostif-329127/src/hostif/profiles/DeviceInfo/Device_DeviceInfo.h (66450 bytes) into 3 chunks of ~32KB
2026-03-05 05:47:20,350 - Knowledge - INFO - process ingested knowledge for /app/data/T0015/329127/b993900/tr69hostif-329127/src/unittest/stubs/ds/pixelResolution.hpp
2026-03-05 05:47:20,542 - Knowledge - INFO - Worker kw17 processing /app/data/T0015/329127/b993900/tr69hostif-329127/src/hostif/profiles/STBService/Components_VideoDecoder.h
2026-03-05 05:47:20,681 - Knowledge - INFO - Worker kw19 processing /app/data/T0015/329127/b993900/tr69hostif-329127/src/hostif/profiles/DeviceInfo/XrdkCentralComRFCStore.h
2026-03-05 05:47:21,062 - Knowledge - INFO - process ingested knowledge for /app/data/T0015/329127/b993900/tr69hostif-329127/src/unittest/stubs/ds/frontPanelIndicator.hpp
2026-03-05 05:47:21,259 - Knowledge - INFO - Worker kw17 processing /app/data/T0015/329127/b993900/tr69hostif-329127/src/hostif/profiles/STBService/Components_HDMI.cpp
2026-03-05 05:47:21,380 - Knowledge - INFO - Worker kw19 processing /app/data/T0015/329127/b993900/tr69hostif-329127/src/hostif/profiles/DeviceInfo/XrdkCentralComBSStoreJournal.cpp
2026-03-05 05:47:21,547 - Knowledge - INFO - process ingested knowledge for /app/data/T0015/329127/b993900/tr69hostif-329127/src/unittest/stubs/ds/illegalArgumentException.hpp
2026-03-05 05:47:21,724 - Knowledge - INFO - Worker kw17 processing /app/data/T0015/329127/b993900/tr69hostif-329127/src/hostif/profiles/STBService/Components_SPDIF.cpp
2026-03-05 05:47:21,993 - Knowledge - INFO - Worker kw19 processing /app/data/T0015/329127/b993900/tr69hostif-329127/src/hostif/profiles/STBService/Components_XrdkSDCard.cpp
2026-03-05 05:47:22,135 - Knowledge - INFO - process ingested knowledge for /app/data/T0015/329127/b993900/tr69hostif-329127/src/unittest/stubs/ds/list.hpp
2026-03-05 05:47:22,378 - Knowledge - INFO - Worker kw17 processing /app/data/T0015/329127/b993900/tr69hostif-329127/src/hostif/profiles/STBService/Components_DisplayDevice.cpp
2026-03-05 05:47:22,637 - Knowledge - INFO - process ingested knowledge for /app/data/T0015/329127/b993900/tr69hostif-329127/src/unittest/stubs/ds/videoDFC.hpp
2026-03-05 05:47:22,863 - Knowledge - INFO - process ingested knowledge for /app/data/T0015/329127/b993900/tr69hostif-329127/src/unittest/stubs/ds/audioCompression.hpp
2026-03-05 05:47:22,945 - Knowledge - INFO - Fast-tracked /app/data/T0015/329127/b993900/tr69hostif-329127/src/hostif/profiles/STBService/Capabilities.h (small file (2471 bytes))
2026-03-05 05:47:23,116 - Knowledge - INFO - [LLM_CALL] Completed: rbus.h:chunk1, Duration: 49598ms, PromptTokens: 14706, CompletionTokens: 559, Cost: $0.00169
2026-03-05 05:47:25,106 - Knowledge - INFO - [LLM_CALL] Completed: hostIf_main.cpp:chunk1, Duration: 26862ms, PromptTokens: 15020, CompletionTokens: 956, Cost: $0.00188
2026-03-05 05:47:25,304 - Knowledge - INFO - done ingest for /app/data/T0015/329127/b993900/tr69hostif-329127/src/hostif/src/hostIf_main.cpp
2026-03-05 05:47:25,395 - Knowledge - INFO - [LLM_CALL] Completed: rbus_value.h:chunk1, Duration: 59785ms, PromptTokens: 9644, CompletionTokens: 2899, Cost: $0.00212
2026-03-05 05:47:25,640 - Knowledge - INFO - done ingest for /app/data/T0015/329127/b993900/tr69hostif-329127/src/unittest/stubs/rbus/include/rbus_value.h
2026-03-05 05:47:25,692 - Knowledge - INFO - [WEBSOCKET] Sent: Type=progress_update, Size: 291, Duration: 0ms
2026-03-05 05:47:26,046 - Knowledge - INFO - [WEBSOCKET] Sent: Type=unknown, Size: ?, Duration: 354ms
2026-03-05 05:47:26,233 - Knowledge - INFO - Async storage completed for 6 embeddings
2026-03-05 05:47:26,348 - Knowledge - INFO - Progress: 27.6% | Files: 103/366 | Rate: 1.05 files/sec | Queue: 163
2026-03-05 05:47:26,383 - Knowledge - INFO - Processing batch of 6 files
2026-03-05 05:47:26,414 - Knowledge - INFO - [LLM_CALL] Completed: iarm_stubs.cpp:chunk1, Duration: 34000ms, PromptTokens: 2530, CompletionTokens: 788, Cost: $0.00057
2026-03-05 05:47:26,741 - Knowledge - INFO - [kw1] Queue=163, InProgress=0, PendingWorkers=20/20, Completed=104/366 (28.4%)
2026-03-05 05:47:26,979 - Knowledge - INFO - process ingested knowledge for /app/data/T0015/329127/b993900/tr69hostif-329127/src/integrationtest/conf/bootstrap.ini
2026-03-05 05:47:27,071 - Knowledge - INFO - done ingest for /app/data/T0015/329127/b993900/tr69hostif-329127/src/unittest/stubs/iarm_stubs.cpp
2026-03-05 05:47:27,110 - Knowledge - INFO - Processing batch of 6 files
2026-03-05 05:47:27,194 - Knowledge - INFO - Batch sizing: calculated=5, max_allowed=10, queue=163, active_workers=20/20
2026-03-05 05:47:27,325 - Knowledge - INFO - process ingested knowledge for /app/data/T0015/329127/b993900/tr69hostif-329127/src/integrationtest/conf/rfcdefaults.ini
2026-03-05 05:47:27,653 - Knowledge - INFO - process ingested knowledge for /app/data/T0015/329127/b993900/tr69hostif-329127/src/unittest/stubs/rbus/include/rbus_property.h
2026-03-05 05:47:28,475 - Knowledge - INFO - Async storing batch of 6 embeddings
2026-03-05 05:47:28,631 - Knowledge - INFO - process ingested knowledge for /app/data/T0015/329127/b993900/tr69hostif-329127/src/integrationtest/conf/tr181store.ini
2026-03-05 05:47:28,777 - Knowledge - INFO - process ingested knowledge for /app/data/T0015/329127/b993900/tr69hostif-329127/src/unittest/stubs/rbus/include/rbus_value.h
2026-03-05 05:47:28,983 - Knowledge - INFO - Worker kw1 processing /app/data/T0015/329127/b993900/tr69hostif-329127/src/hostif/profiles/STBService/Components_XrdkEMMC.h
2026-03-05 05:47:29,014 - Knowledge - INFO - [LLM_CALL] Completed: dm_stubs.cpp:chunk1, Duration: 56216ms, PromptTokens: 4916, CompletionTokens: 965, Cost: $0.00088
2026-03-05 05:47:29,142 - Knowledge - INFO - process ingested knowledge for /app/data/T0015/329127/b993900/tr69hostif-329127/src/integrationtest/conf/rfcVariable.ini
2026-03-05 05:47:29,258 - Knowledge - INFO - process ingested knowledge for /app/data/T0015/329127/b993900/tr69hostif-329127/src/unittest/stubs/rbus/include/rbus_filter.h
2026-03-05 05:47:29,521 - Knowledge - INFO - Worker kw1 processing /app/data/T0015/329127/b993900/tr69hostif-329127/src/hostif/profiles/STBService/Components_AudioOutput.h
2026-03-05 05:47:29,647 - Knowledge - INFO - done ingest for /app/data/T0015/329127/b993900/tr69hostif-329127/src/unittest/stubs/dm_stubs.cpp
2026-03-05 05:47:29,776 - Knowledge - INFO - process ingested knowledge for /app/data/T0015/329127/b993900/tr69hostif-329127/src/backgroundrun.c
2026-03-05 05:47:29,985 - Knowledge - INFO - process ingested knowledge for /app/data/T0015/329127/b993900/tr69hostif-329127/src/unittest/stubs/rbus/utils/dataProvider/dmProviderHost.h
2026-03-05 05:47:30,115 - Knowledge - INFO - Worker kw1 processing /app/data/T0015/329127/b993900/tr69hostif-329127/src/hostif/profiles/STBService/Components_VideoOutput.cpp
2026-03-05 05:47:30,298 - Knowledge - INFO - process ingested knowledge for /app/data/T0015/329127/b993900/tr69hostif-329127/src/hostif/src/hostIf_main.cpp
2026-03-05 05:47:30,299 - Knowledge - INFO - Processing batch of 6 files
2026-03-05 05:47:30,443 - Knowledge - INFO - process ingested knowledge for /app/data/T0015/329127/b993900/tr69hostif-329127/src/unittest/stubs/rbus/utils/dataProvider/dmPropertyInfo.h
2026-03-05 05:47:30,525 - Knowledge - INFO - Worker kw1 processing /app/data/T0015/329127/b993900/tr69hostif-329127/src/hostif/profiles/STBService/Components_DisplayDevice.h
2026-03-05 05:47:30,710 - Knowledge - INFO - process ingested knowledge for /app/data/T0015/329127/b993900/tr69hostif-329127/src/unittest/stubs/dsCompositeInTypes.h
2026-03-05 05:47:30,837 - Knowledge - INFO - process ingested knowledge for /app/data/T0015/329127/b993900/tr69hostif-329127/src/unittest/stubs/rbus/utils/dataProvider/dmValue.h
2026-03-05 05:47:30,918 - Knowledge - INFO - Worker kw1 processing /app/data/T0015/329127/b993900/tr69hostif-329127/src/hostif/profiles/STBService/Components_SPDIF.h
2026-03-05 05:47:31,013 - Knowledge - INFO - process ingested knowledge for /app/data/T0015/329127/b993900/tr69hostif-329127/src/unittest/stubs/dm_stubs.cpp
2026-03-05 05:47:31,213 - Knowledge - INFO - Fast-tracked /app/data/T0015/329127/b993900/tr69hostif-329127/src/hostif/profiles/STBService/Components_XrdkEMMC.h (small file (2590 bytes))
2026-03-05 05:47:31,310 - Knowledge - INFO - [WEBSOCKET] Sent: Type=progress_update, Size: 290, Duration: 0ms
2026-03-05 05:47:31,312 - Knowledge - INFO - process ingested knowledge for /app/data/T0015/329127/b993900/tr69hostif-329127/src/unittest/stubs/file_writer.h
2026-03-05 05:47:31,507 - Knowledge - INFO - [WEBSOCKET] Sent: Type=unknown, Size: ?, Duration: 197ms
2026-03-05 05:47:31,724 - Knowledge - INFO - process ingested knowledge for /app/data/T0015/329127/b993900/tr69hostif-329127/src/unittest/stubs/dsTypes.h
2026-03-05 05:47:31,883 - Knowledge - INFO - Progress: 31.1% | Files: 114/366 | Rate: 1.10 files/sec | Queue: 158
2026-03-05 05:47:31,982 - Knowledge - INFO - [LLM_CALL] Completed: dsError.h:chunk1, Duration: 34879ms, PromptTokens: 2280, CompletionTokens: 143, Cost: $0.00029
2026-03-05 05:47:32,049 - Knowledge - INFO - process ingested knowledge for /app/data/T0015/329127/b993900/tr69hostif-329127/src/unittest/stubs/mfr_wifi_api.h
2026-03-05 05:47:32,176 - Knowledge - INFO - [kw7] Queue=158, InProgress=0, PendingWorkers=20/20, Completed=114/366 (31.1%)
2026-03-05 05:47:32,184 - Knowledge - INFO - done ingest for /app/data/T0015/329127/b993900/tr69hostif-329127/src/unittest/stubs/dsError.h
2026-03-05 05:47:32,336 - Knowledge - INFO - process ingested knowledge for /app/data/T0015/329127/b993900/tr69hostif-329127/src/unittest/stubs/iarm_stubs.cpp
2026-03-05 05:47:32,365 - Knowledge - INFO - [kw11] Queue=158, InProgress=0, PendingWorkers=20/20, Completed=114/366 (31.1%)
2026-03-05 05:47:32,376 - Knowledge - INFO - Batch sizing: calculated=5, max_allowed=10, queue=158, active_workers=20/20
2026-03-05 05:47:32,837 - Knowledge - INFO - Batch sizing: calculated=5, max_allowed=10, queue=158, active_workers=20/20
2026-03-05 05:47:33,183 - Knowledge - INFO - Async storing batch of 6 embeddings
2026-03-05 05:47:33,183 - Knowledge - INFO - Async storing batch of 6 embeddings
2026-03-05 05:47:33,432 - Knowledge - INFO - Worker kw11 processing /app/data/T0015/329127/b993900/tr69hostif-329127/src/hostif/profiles/STBService/Components_VideoOutput.h
2026-03-05 05:47:33,537 - Knowledge - INFO - Worker kw7 processing /app/data/T0015/329127/b993900/tr69hostif-329127/src/hostif/profiles/STBService/Components_XrdkEMMC.cpp
2026-03-05 05:47:33,551 - Knowledge - INFO - [LLM_CALL] Completed: wrp-c.h:chunk1, Duration: 20756ms, PromptTokens: 5012, CompletionTokens: 684, Cost: $0.00077
2026-03-05 05:47:33,642 - Knowledge - INFO - Worker kw11 processing /app/data/T0015/329127/b993900/tr69hostif-329127/src/hostif/profiles/STBService/Capabilities.cpp
2026-03-05 05:47:33,819 - Knowledge - INFO - Worker kw7 processing /app/data/T0015/329127/b993900/tr69hostif-329127/src/hostif/profiles/STBService/Components_AudioOutput.cpp
2026-03-05 05:47:33,968 - Knowledge - INFO - done ingest for /app/data/T0015/329127/b993900/tr69hostif-329127/src/unittest/stubs/wrp-c.h
2026-03-05 05:47:34,111 - Knowledge - INFO - Worker kw11 processing /app/data/T0015/329127/b993900/tr69hostif-329127/src/hostif/profiles/StorageService/Service_Storage_PhyMedium.h
2026-03-05 05:47:34,204 - Knowledge - INFO - Worker kw7 processing /app/data/T0015/329127/b993900/tr69hostif-329127/src/hostif/profiles/STBService/Components_XrdkSDCard.h
2026-03-05 05:47:34,275 - Knowledge - INFO - [kw14] Queue=148, InProgress=0, PendingWorkers=20/20, Completed=114/366 (31.1%)
2026-03-05 05:47:34,349 - Knowledge - INFO - Processing batch of 6 files
2026-03-05 05:47:34,376 - Knowledge - INFO - Worker kw11 processing /app/data/T0015/329127/b993900/tr69hostif-329127/src/hostif/profiles/StorageService/Service_Storage.cpp
2026-03-05 05:47:34,462 - Knowledge - INFO - Worker kw7 processing /app/data/T0015/329127/b993900/tr69hostif-329127/src/hostif/profiles/STBService/Components_HDMI.h
2026-03-05 05:47:34,568 - Knowledge - INFO - Batch sizing: calculated=5, max_allowed=10, queue=148, active_workers=20/20
2026-03-05 05:47:34,754 - Knowledge - INFO - process ingested knowledge for /app/data/T0015/329127/b993900/tr69hostif-329127/src/unittest/stubs/ds/audioEncoding.hpp
2026-03-05 05:47:34,919 - Knowledge - INFO - Worker kw11 processing /app/data/T0015/329127/b993900/tr69hostif-329127/src/hostif/profiles/StorageService/Service_Storage.h
2026-03-05 05:47:35,001 - Knowledge - INFO - Worker kw7 processing /app/data/T0015/329127/b993900/tr69hostif-329127/src/hostif/profiles/STBService/Components_VideoDecoder.cpp
2026-03-05 05:47:35,079 - Knowledge - INFO - Async storing batch of 6 embeddings
2026-03-05 05:47:35,174 - Knowledge - INFO - process ingested knowledge for /app/data/T0015/329127/b993900/tr69hostif-329127/src/unittest/stubs/ds/libprocps.cpp
2026-03-05 05:47:35,499 - Knowledge - INFO - Worker kw14 processing /app/data/T0015/329127/b993900/tr69hostif-329127/src/hostif/profiles/StorageService/Service_Storage_PhyMedium.cpp
2026-03-05 05:47:35,588 - Knowledge - INFO - process ingested knowledge for /app/data/T0015/329127/b993900/tr69hostif-329127/src/unittest/stubs/ds/audioStereoMode.hpp
2026-03-05 05:47:35,671 - Knowledge - INFO - Worker kw14 processing /app/data/T0015/329127/b993900/tr69hostif-329127/src/hostif/profiles/IP/Device_IP_Diagnostics_SpeedTest.cpp
2026-03-05 05:47:35,782 - Knowledge - INFO - process ingested knowledge for /app/data/T0015/329127/b993900/tr69hostif-329127/src/unittest/stubs/ds/unsupportedOperationException.hpp
2026-03-05 05:47:35,878 - Knowledge - INFO - Worker kw14 processing /app/data/T0015/329127/b993900/tr69hostif-329127/src/hostif/profiles/IP/Device_IP_Interface_IPv6Address.h
2026-03-05 05:47:35,966 - Knowledge - INFO - process ingested knowledge for /app/data/T0015/329127/b993900/tr69hostif-329127/src/unittest/stubs/dsError.h
2026-03-05 05:47:36,055 - Knowledge - INFO - Worker kw14 processing /app/data/T0015/329127/b993900/tr69hostif-329127/src/hostif/profiles/IP/Device_IP_Diagnostics_DownloadDiagnostics.h
2026-03-05 05:47:36,172 - Knowledge - INFO - process ingested knowledge for /app/data/T0015/329127/b993900/tr69hostif-329127/src/unittest/stubs/wrp-c.h
2026-03-05 05:47:36,269 - Knowledge - INFO - Worker kw14 processing /app/data/T0015/329127/b993900/tr69hostif-329127/src/hostif/profiles/IP/Device_IP_Interface_Stats.h
2026-03-05 05:47:37,380 - Knowledge - INFO - [LLM_CALL] Completed: wdmp_internal.h:chunk1, Duration: 70424ms, PromptTokens: 2350, CompletionTokens: 731, Cost: $0.00053
2026-03-05 05:47:37,550 - Knowledge - INFO - done ingest for /app/data/T0015/329127/b993900/tr69hostif-329127/src/unittest/stubs/wdmp_internal.h
2026-03-05 05:47:37,809 - Knowledge - INFO - [LLM_CALL] Completed: libIARM.h:chunk1, Duration: 61578ms, PromptTokens: 2392, CompletionTokens: 190, Cost: $0.00032
2026-03-05 05:47:38,133 - Knowledge - INFO - done ingest for /app/data/T0015/329127/b993900/tr69hostif-329127/src/unittest/stubs/libIARM.h
2026-03-05 05:47:38,160 - Knowledge - INFO - [kw3] Queue=143, InProgress=0, PendingWorkers=20/20, Completed=120/366 (32.8%)
2026-03-05 05:47:38,617 - Knowledge - INFO - Batch sizing: calculated=5, max_allowed=10, queue=143, active_workers=20/20
2026-03-05 05:47:38,879 - Knowledge - INFO - Async storing batch of 6 embeddings
2026-03-05 05:47:39,119 - Knowledge - INFO - Fast-tracked /app/data/T0015/329127/b993900/tr69hostif-329127/src/hostif/profiles/DeviceInfo/XrdkCentralComRFCStore.h (small file (2628 bytes))
2026-03-05 05:47:39,293 - Knowledge - INFO - Fast-tracked /app/data/T0015/329127/b993900/tr69hostif-329127/src/hostif/profiles/DeviceInfo/XrdkCentralComBSStore.h (small file (3002 bytes))
2026-03-05 05:47:39,294 - Knowledge - INFO - Worker kw3 processing /app/data/T0015/329127/b993900/tr69hostif-329127/src/hostif/profiles/IP/Device_IP_Diagnostics_TraceRoute.h
2026-03-05 05:47:39,761 - Knowledge - INFO - Worker kw3 processing /app/data/T0015/329127/b993900/tr69hostif-329127/src/hostif/profiles/IP/Device_IP_Diagnostics_UDPEchoConfig.h
2026-03-05 05:47:39,999 - Knowledge - INFO - [LLM_CALL] Completed: dsVideoDeviceTypes.h:chunk1, Duration: 61551ms, PromptTokens: 4998, CompletionTokens: 190, Cost: $0.00058
2026-03-05 05:47:40,022 - Knowledge - INFO - Worker kw3 processing /app/data/T0015/329127/b993900/tr69hostif-329127/src/hostif/profiles/IP/Device_IP_Diagnostics_TraceRoute_RouteHops.h
2026-03-05 05:47:40,344 - Knowledge - INFO - done ingest for /app/data/T0015/329127/b993900/tr69hostif-329127/src/unittest/stubs/dsVideoDeviceTypes.h
2026-03-05 05:47:40,581 - Knowledge - INFO - Worker kw3 processing /app/data/T0015/329127/b993900/tr69hostif-329127/src/hostif/profiles/IP/Device_IP_Interface_IPv4Address.h
2026-03-05 05:47:40,844 - Knowledge - INFO - [LLM_CALL] Completed: safec_lib.h:chunk1, Duration: 34667ms, PromptTokens: 3932, CompletionTokens: 405, Cost: $0.00056
2026-03-05 05:47:40,846 - Knowledge - INFO - Worker kw3 processing /app/data/T0015/329127/b993900/tr69hostif-329127/src/hostif/profiles/IP/Device_IP_Diagnostics_IPPing.cpp
2026-03-05 05:47:41,141 - Knowledge - INFO - done ingest for /app/data/T0015/329127/b993900/tr69hostif-329127/src/unittest/stubs/safec_lib.h
2026-03-05 05:47:41,421 - Knowledge - INFO - Fast-tracked /app/data/T0015/329127/b993900/tr69hostif-329127/src/unittest/stubs/ds/frontPanelConfig.hpp (small file (2434 bytes))
2026-03-05 05:47:44,594 - Knowledge - INFO - [LLM_CALL] Completed: rbus_object.h:chunk1, Duration: 78999ms, PromptTokens: 6986, CompletionTokens: 2487, Cost: $0.00169
2026-03-05 05:47:44,906 - Knowledge - INFO - done ingest for /app/data/T0015/329127/b993900/tr69hostif-329127/src/unittest/stubs/rbus/include/rbus_object.h
2026-03-05 05:47:45,208 - Knowledge - WARNING - Timeout processing /app/data/T0015/329127/b993900/tr69hostif-329127/src/unittest/stubs/rbus/include/rbus.h after 90s - using fallback metadata
2026-03-05 05:47:45,249 - Knowledge - INFO - [LLM_CALL] Completed: wdmp-c.h:chunk1, Duration: 52041ms, PromptTokens: 4100, CompletionTokens: 729, Cost: $0.00070
2026-03-05 05:47:45,599 - Knowledge - INFO - done ingest for /app/data/T0015/329127/b993900/tr69hostif-329127/src/unittest/stubs/wdmp-c.h
2026-03-05 05:47:45,641 - Knowledge - INFO - [LLM_CALL] Completed: mfrMgr.h:chunk1, Duration: 77650ms, PromptTokens: 4484, CompletionTokens: 587, Cost: $0.00068
2026-03-05 05:47:46,214 - Knowledge - INFO - done ingest for /app/data/T0015/329127/b993900/tr69hostif-329127/src/unittest/stubs/mfrMgr.h
2026-03-05 05:47:47,224 - Knowledge - INFO - [LLM_CALL] Completed: wdmp-c.c:chunk1, Duration: 59409ms, PromptTokens: 6050, CompletionTokens: 591, Cost: $0.00084
2026-03-05 05:47:47,511 - Knowledge - INFO - done ingest for /app/data/T0015/329127/b993900/tr69hostif-329127/src/unittest/stubs/wdmp-c.c
2026-03-05 05:47:47,512 - Knowledge - INFO - Processing batch of 6 files
2026-03-05 05:47:47,732 - Knowledge - INFO - [LLM_CALL] Completed: power_controller.h:chunk1, Duration: 62190ms, PromptTokens: 9004, CompletionTokens: 1231, Cost: $0.00139
2026-03-05 05:47:47,888 - Knowledge - INFO - process ingested knowledge for /app/data/T0015/329127/b993900/tr69hostif-329127/src/unittest/stubs/rbus/src/rtmessage/rtTime.h
2026-03-05 05:47:48,022 - Knowledge - INFO - done ingest for /app/data/T0015/329127/b993900/tr69hostif-329127/src/unittest/stubs/power_controller.h
2026-03-05 05:47:48,156 - Knowledge - INFO - process ingested knowledge for /app/data/T0015/329127/b993900/tr69hostif-329127/src/unittest/stubs/rbus/src/rtmessage/rtCipher.h
2026-03-05 05:47:48,165 - Knowledge - INFO - [LLM_CALL] Completed: pwrMgr.h:chunk1, Duration: 52781ms, PromptTokens: 7896, CompletionTokens: 540, Cost: $0.00101
2026-03-05 05:47:48,458 - Knowledge - INFO - process ingested knowledge for /app/data/T0015/329127/b993900/tr69hostif-329127/src/unittest/stubs/rbus/src/rtmessage/rtVector.h
2026-03-05 05:47:48,599 - Knowledge - INFO - done ingest for /app/data/T0015/329127/b993900/tr69hostif-329127/src/unittest/stubs/pwrMgr.h
2026-03-05 05:47:48,639 - Knowledge - INFO - Processing batch of 6 files
2026-03-05 05:47:48,701 - Knowledge - INFO - process ingested knowledge for /app/data/T0015/329127/b993900/tr69hostif-329127/src/unittest/stubs/rbus/include/rbus_object.h
2026-03-05 05:47:49,180 - Knowledge - INFO - process ingested knowledge for /app/data/T0015/329127/b993900/tr69hostif-329127/src/unittest/stubs/wdmp_internal.h
2026-03-05 05:47:49,400 - Knowledge - INFO - process ingested knowledge for /app/data/T0015/329127/b993900/tr69hostif-329127/src/unittest/stubs/rbus/include/rbus.h
2026-03-05 05:47:49,544 - Knowledge - INFO - process ingested knowledge for /app/data/T0015/329127/b993900/tr69hostif-329127/src/unittest/stubs/libIARM.h
2026-03-05 05:47:49,757 - Knowledge - INFO - process ingested knowledge for /app/data/T0015/329127/b993900/tr69hostif-329127/src/unittest/stubs/rbus/include/rbus_message.h
2026-03-05 05:47:49,850 - Knowledge - INFO - process ingested knowledge for /app/data/T0015/329127/b993900/tr69hostif-329127/src/unittest/stubs/power_controller.h
2026-03-05 05:47:49,923 - Knowledge - INFO - [LLM_CALL] Completed: wdmp_internal.c:chunk1, Duration: 41890ms, PromptTokens: 18640, CompletionTokens: 961, Cost: $0.00225
2026-03-05 05:47:50,161 - Knowledge - INFO - process ingested knowledge for /app/data/T0015/329127/b993900/tr69hostif-329127/src/unittest/stubs/wdmp-c.h
2026-03-05 05:47:50,209 - Knowledge - INFO - done ingest for /app/data/T0015/329127/b993900/tr69hostif-329127/src/unittest/stubs/wdmp_internal.c
2026-03-05 05:47:50,365 - Knowledge - INFO - process ingested knowledge for /app/data/T0015/329127/b993900/tr69hostif-329127/src/unittest/stubs/safec_lib.h
2026-03-05 05:47:50,507 - Knowledge - INFO - Processing batch of 6 files
2026-03-05 05:47:50,614 - Knowledge - INFO - process ingested knowledge for /app/data/T0015/329127/b993900/tr69hostif-329127/src/unittest/stubs/fwdnldstatus.txt
2026-03-05 05:47:50,734 - Knowledge - INFO - [WEBSOCKET] Sent: Type=progress_update, Size: 292, Duration: 0ms
2026-03-05 05:47:50,737 - Knowledge - INFO - process ingested knowledge for /app/data/T0015/329127/b993900/tr69hostif-329127/src/unittest/stubs/mfrMgr.h
2026-03-05 05:47:51,048 - Knowledge - INFO - [WEBSOCKET] Sent: Type=unknown, Size: ?, Duration: 314ms
2026-03-05 05:47:51,207 - Knowledge - INFO - process ingested knowledge for /app/data/T0015/329127/b993900/tr69hostif-329127/src/unittest/stubs/rfcdefaults.ini
2026-03-05 05:47:51,304 - Knowledge - INFO - Progress: 37.7% | Files: 138/366 | Rate: 1.12 files/sec | Queue: 138
2026-03-05 05:47:51,445 - Knowledge - INFO - process ingested knowledge for /app/data/T0015/329127/b993900/tr69hostif-329127/src/unittest/stubs/dsVideoDeviceTypes.h
2026-03-05 05:47:51,551 - Knowledge - INFO - [kw10] Queue=138, InProgress=0, PendingWorkers=20/20, Completed=138/366 (37.7%)
2026-03-05 05:47:51,656 - Knowledge - INFO - process ingested knowledge for /app/data/T0015/329127/b993900/tr69hostif-329127/src/unittest/stubs/wdmp-c.c
2026-03-05 05:47:51,736 - Knowledge - INFO - Batch sizing: calculated=5, max_allowed=10, queue=138, active_workers=20/20
2026-03-05 05:47:51,800 - Knowledge - INFO - [kw15] Queue=138, InProgress=0, PendingWorkers=20/20, Completed=138/366 (37.7%)
2026-03-05 05:47:51,841 - Knowledge - INFO - process ingested knowledge for /app/data/T0015/329127/b993900/tr69hostif-329127/src/unittest/stubs/pwrMgr.h
2026-03-05 05:47:51,934 - Knowledge - INFO - Async storing batch of 6 embeddings
2026-03-05 05:47:52,023 - Knowledge - INFO - Batch sizing: calculated=5, max_allowed=10, queue=138, active_workers=20/20
2026-03-05 05:47:52,112 - Knowledge - INFO - process ingested knowledge for /app/data/T0015/329127/b993900/tr69hostif-329127/src/unittest/stubs/wdmp_internal.c
2026-03-05 05:47:52,204 - Knowledge - INFO - Worker kw10 processing /app/data/T0015/329127/b993900/tr69hostif-329127/src/hostif/profiles/IP/Device_IP_ActivePort.h
2026-03-05 05:47:52,324 - Knowledge - INFO - Async storing batch of 6 embeddings
2026-03-05 05:47:52,610 - Knowledge - INFO - Worker kw10 processing /app/data/T0015/329127/b993900/tr69hostif-329127/src/hostif/profiles/IP/Device_IP.h
2026-03-05 05:47:52,741 - Knowledge - INFO - Worker kw15 processing /app/data/T0015/329127/b993900/tr69hostif-329127/src/hostif/profiles/IP/Device_IP_ActivePort.cpp
2026-03-05 05:47:52,972 - Knowledge - INFO - Worker kw10 processing /app/data/T0015/329127/b993900/tr69hostif-329127/src/hostif/profiles/IP/Device_IP_Interface.h
2026-03-05 05:47:53,081 - Knowledge - INFO - Worker kw15 processing /app/data/T0015/329127/b993900/tr69hostif-329127/src/hostif/profiles/IP/Device_IP.cpp
2026-03-05 05:47:53,207 - Knowledge - INFO - [LLM_CALL] Completed: exception.hpp:chunk1, Duration: 30601ms, PromptTokens: 2256, CompletionTokens: 332, Cost: $0.00036
2026-03-05 05:47:53,207 - Knowledge - INFO - Worker kw10 processing /app/data/T0015/329127/b993900/tr69hostif-329127/src/hostif/profiles/IP/Device_IP_Interface_IPv4Address.cpp
2026-03-05 05:47:53,315 - Knowledge - INFO - Worker kw15 processing /app/data/T0015/329127/b993900/tr69hostif-329127/src/hostif/profiles/IP/Device_IP_Interface.cpp
2026-03-05 05:47:53,440 - Knowledge - INFO - done ingest for /app/data/T0015/329127/b993900/tr69hostif-329127/src/unittest/stubs/ds/exception.hpp
2026-03-05 05:47:53,532 - Knowledge - INFO - Worker kw10 processing /app/data/T0015/329127/b993900/tr69hostif-329127/src/hostif/profiles/IP/Device_IP_Diagnostics_UploadDiagnostics.h
2026-03-05 05:47:53,642 - Knowledge - INFO - Worker kw15 processing /app/data/T0015/329127/b993900/tr69hostif-329127/src/hostif/profiles/IP/Device_IP_Diagnostics_SpeedTest.h
2026-03-05 05:47:53,751 - Knowledge - INFO - [kw16] Queue=128, InProgress=0, PendingWorkers=20/20, Completed=138/366 (37.7%)
2026-03-05 05:47:54,089 - Knowledge - INFO - Fast-tracked /app/data/T0015/329127/b993900/tr69hostif-329127/src/hostif/profiles/IP/Device_IP_Diagnostics_SpeedTest.h (ext=.h, size=1625)
2026-03-05 05:47:54,205 - Knowledge - INFO - Batch sizing: calculated=5, max_allowed=10, queue=128, active_workers=20/20
2026-03-05 05:47:54,374 - Knowledge - INFO - Worker kw15 processing /app/data/T0015/329127/b993900/tr69hostif-329127/src/hostif/profiles/IP/Device_IP_Interface_IPv6Address.cpp
2026-03-05 05:47:54,413 - Knowledge - INFO - [LLM_CALL] Completed: manager.hpp:chunk1, Duration: 60834ms, PromptTokens: 4172, CompletionTokens: 239, Cost: $0.00051
2026-03-05 05:47:54,708 - Knowledge - INFO - done ingest for /app/data/T0015/329127/b993900/tr69hostif-329127/src/unittest/stubs/ds/manager.hpp
2026-03-05 05:47:54,709 - Knowledge - INFO - Async storing batch of 6 embeddings
2026-03-05 05:47:55,088 - Knowledge - INFO - Worker kw16 processing /app/data/T0015/329127/b993900/tr69hostif-329127/src/hostif/profiles/IP/Device_IP_Diagnostics_IPPing.h
2026-03-05 05:47:55,530 - Knowledge - INFO - Fast-tracked /app/data/T0015/329127/b993900/tr69hostif-329127/src/hostif/profiles/IP/Device_IP_Diagnostics_IPPing.h (ext=.h, size=1449)
2026-03-05 05:47:55,620 - Knowledge - INFO - [LLM_CALL] Completed: videoOutputPortType.hpp:chunk1, Duration: 48531ms, PromptTokens: 2302, CompletionTokens: 640, Cost: $0.00049
2026-03-05 05:47:55,954 - Knowledge - INFO - Worker kw16 processing /app/data/T0015/329127/b993900/tr69hostif-329127/src/hostif/profiles/IP/Device_IP_Interface_Stats.cpp
2026-03-05 05:47:56,173 - Knowledge - INFO - done ingest for /app/data/T0015/329127/b993900/tr69hostif-329127/src/unittest/stubs/ds/videoOutputPortType.hpp
2026-03-05 05:47:56,357 - Knowledge - INFO - Worker kw16 processing /app/data/T0015/329127/b993900/tr69hostif-329127/src/hostif/profiles/DHCPv4/Device_DHCPv4_Client.h
2026-03-05 05:47:56,421 - Knowledge - INFO - [LLM_CALL] Completed: edid-parser.hpp:chunk1, Duration: 45386ms, PromptTokens: 2530, CompletionTokens: 317, Cost: $0.00038
2026-03-05 05:47:56,532 - Knowledge - INFO - Worker kw16 processing /app/data/T0015/329127/b993900/tr69hostif-329127/src/hostif/profiles/DHCPv4/Device_DHCPv4_Client.cpp
2026-03-05 05:47:56,664 - Knowledge - INFO - done ingest for /app/data/T0015/329127/b993900/tr69hostif-329127/src/unittest/stubs/ds/edid-parser.hpp
2026-03-05 05:47:56,724 - Knowledge - INFO - Fast-tracked /app/data/T0015/329127/b993900/tr69hostif-329127/src/hostif/profiles/DeviceInfo/XrdkCentralComBSStoreJournal.h (small file (2638 bytes))
2026-03-05 05:47:56,741 - Knowledge - INFO - Processing batch of 6 files
2026-03-05 05:47:56,770 - Knowledge - INFO - Worker kw16 processing /app/data/T0015/329127/b993900/tr69hostif-329127/src/hostif/profiles/DHCPv4/gtest/gtest_dhcpv4.cpp
2026-03-05 05:47:56,969 - Knowledge - INFO - Async storage completed for 6 embeddings
2026-03-05 05:47:57,263 - Knowledge - INFO - process ingested knowledge for /app/data/T0015/329127/b993900/tr69hostif-329127/src/unittest/stubs/ds/manager.hpp
2026-03-05 05:47:57,579 - Knowledge - INFO - process ingested knowledge for /app/data/T0015/329127/b993900/tr69hostif-329127/src/unittest/stubs/ds/videoResolution.hpp
2026-03-05 05:47:58,151 - Knowledge - INFO - process ingested knowledge for /app/data/T0015/329127/b993900/tr69hostif-329127/src/unittest/stubs/ds/videoOutputPortType.hpp
2026-03-05 05:47:58,407 - Knowledge - INFO - process ingested knowledge for /app/data/T0015/329127/b993900/tr69hostif-329127/src/unittest/stubs/ds/exception.hpp
2026-03-05 05:47:58,713 - Knowledge - INFO - process ingested knowledge for /app/data/T0015/329127/b993900/tr69hostif-329127/src/unittest/stubs/ds/aspectRatio.hpp
2026-03-05 05:47:59,771 - Knowledge - INFO - process ingested knowledge for /app/data/T0015/329127/b993900/tr69hostif-329127/src/unittest/stubs/ds/frontPanelConfig.hpp
2026-03-05 05:47:59,962 - Knowledge - INFO - [LLM_CALL] Completed: frontPanelTextDisplay.hpp:chunk1, Duration: 64252ms, PromptTokens: 3610, CompletionTokens: 694, Cost: $0.00064
2026-03-05 05:48:00,161 - Knowledge - INFO - done ingest for /app/data/T0015/329127/b993900/tr69hostif-329127/src/unittest/stubs/ds/frontPanelTextDisplay.hpp
2026-03-05 05:48:00,869 - Knowledge - INFO - [kw12] Queue=123, InProgress=0, PendingWorkers=20/20, Completed=144/366 (39.3%)
2026-03-05 05:48:01,080 - Knowledge - INFO - Batch sizing: calculated=5, max_allowed=10, queue=123, active_workers=20/20
2026-03-05 05:48:01,462 - Knowledge - INFO - Async storing batch of 6 embeddings
2026-03-05 05:48:01,550 - Knowledge - INFO - Fast-tracked /app/data/T0015/329127/b993900/tr69hostif-329127/src/hostif/profiles/DeviceInfo/XrdkCentralComRFC.cpp (small file (2787 bytes))
2026-03-05 05:48:01,644 - Knowledge - INFO - Worker kw12 processing /app/data/T0015/329127/b993900/tr69hostif-329127/src/hostif/profiles/InterfaceStack/Device_InterfaceStack.h
2026-03-05 05:48:01,839 - Knowledge - INFO - Worker kw12 processing /app/data/T0015/329127/b993900/tr69hostif-329127/src/hostif/profiles/InterfaceStack/Device_InterfaceStack.cpp
2026-03-05 05:48:02,065 - Knowledge - INFO - Worker kw12 processing /app/data/T0015/329127/b993900/tr69hostif-329127/src/hostif/profiles/Ethernet/Device_Ethernet_Interface.h
2026-03-05 05:48:02,320 - Knowledge - INFO - Worker kw12 processing /app/data/T0015/329127/b993900/tr69hostif-329127/src/hostif/profiles/Ethernet/Device_Ethernet_Interface_Stats.h
2026-03-05 05:48:02,487 - Knowledge - INFO - Worker kw12 processing /app/data/T0015/329127/b993900/tr69hostif-329127/src/hostif/profiles/Ethernet/Device_Ethernet_Interface_Stats.cpp
2026-03-05 05:48:05,312 - Knowledge - INFO - [LLM_CALL] Completed: audioOutputPort.hpp:chunk1, Duration: 38238ms, PromptTokens: 4414, CompletionTokens: 2194, Cost: $0.00132
2026-03-05 05:48:05,510 - Knowledge - INFO - done ingest for /app/data/T0015/329127/b993900/tr69hostif-329127/src/unittest/stubs/ds/audioOutputPort.hpp
2026-03-05 05:48:05,744 - Knowledge - INFO - Processing batch of 6 files
2026-03-05 05:48:06,054 - Knowledge - INFO - process ingested knowledge for /app/data/T0015/329127/b993900/tr69hostif-329127/src/unittest/stubs/ds/frontPanelTextDisplay.hpp
2026-03-05 05:48:06,349 - Knowledge - INFO - Async storage completed for 6 embeddings
2026-03-05 05:48:06,358 - Knowledge - INFO - process ingested knowledge for /app/data/T0015/329127/b993900/tr69hostif-329127/src/unittest/stubs/ds/hostEDID.hpp
2026-03-05 05:48:06,741 - Knowledge - INFO - process ingested knowledge for /app/data/T0015/329127/b993900/tr69hostif-329127/src/unittest/stubs/ds/enumerable.hpp
2026-03-05 05:48:07,042 - Knowledge - INFO - process ingested knowledge for /app/data/T0015/329127/b993900/tr69hostif-329127/src/unittest/stubs/ds/edid-parser.hpp
2026-03-05 05:48:07,252 - Knowledge - INFO - process ingested knowledge for /app/data/T0015/329127/b993900/tr69hostif-329127/src/unittest/stubs/ds/audioOutputPort.hpp
2026-03-05 05:48:07,725 - Knowledge - INFO - process ingested knowledge for /app/data/T0015/329127/b993900/tr69hostif-329127/src/unittest/stubs/ds/stereoScopicMode.hpp
2026-03-05 05:48:08,025 - Knowledge - INFO - [LLM_CALL] Completed: hdmiIn.hpp:chunk1, Duration: 33854ms, PromptTokens: 2528, CompletionTokens: 834, Cost: $0.00059
2026-03-05 05:48:08,233 - Knowledge - INFO - done ingest for /app/data/T0015/329127/b993900/tr69hostif-329127/src/unittest/stubs/ds/hdmiIn.hpp
2026-03-05 05:48:08,645 - Knowledge - INFO - [LLM_CALL] Completed: dsConstant.hpp:chunk1, Duration: 54681ms, PromptTokens: 3090, CompletionTokens: 436, Cost: $0.00048
2026-03-05 05:48:08,819 - Knowledge - INFO - done ingest for /app/data/T0015/329127/b993900/tr69hostif-329127/src/unittest/stubs/ds/dsConstant.hpp
2026-03-05 05:48:08,928 - Knowledge - INFO - [WEBSOCKET] Sent: Type=progress_update, Size: 292, Duration: 0ms
2026-03-05 05:48:09,245 - Knowledge - INFO - [WEBSOCKET] Sent: Type=unknown, Size: ?, Duration: 318ms
2026-03-05 05:48:09,831 - Knowledge - INFO - Progress: 41.0% | Files: 150/366 | Rate: 1.06 files/sec | Queue: 118
2026-03-05 05:48:10,243 - Knowledge - INFO - [kw9] Queue=118, InProgress=0, PendingWorkers=20/20, Completed=150/366 (41.0%)
2026-03-05 05:48:10,506 - Knowledge - INFO - Batch sizing: calculated=5, max_allowed=10, queue=118, active_workers=20/20
2026-03-05 05:48:10,818 - Knowledge - INFO - Async storing batch of 6 embeddings
2026-03-05 05:48:11,086 - Knowledge - INFO - Worker kw9 processing /app/data/T0015/329127/b993900/tr69hostif-329127/src/hostif/profiles/Ethernet/gtest/gtest_ethernet.cpp
2026-03-05 05:48:11,204 - Knowledge - INFO - [LLM_CALL] Completed: videoOutputPort.hpp:chunk1, Duration: 74372ms, PromptTokens: 5576, CompletionTokens: 1341, Cost: $0.00109
2026-03-05 05:48:11,387 - Knowledge - INFO - Worker kw9 processing /app/data/T0015/329127/b993900/tr69hostif-329127/src/hostif/profiles/Ethernet/Device_Ethernet_Interface.cpp
2026-03-05 05:48:11,461 - Knowledge - INFO - done ingest for /app/data/T0015/329127/b993900/tr69hostif-329127/src/unittest/stubs/ds/videoOutputPort.hpp
2026-03-05 05:48:11,732 - Knowledge - INFO - Worker kw9 processing /app/data/T0015/329127/b993900/tr69hostif-329127/src/hostif/profiles/Time/Device_Time.h
2026-03-05 05:48:11,870 - Knowledge - INFO - Processing batch of 6 files
2026-03-05 05:48:11,913 - Knowledge - INFO - Worker kw9 processing /app/data/T0015/329127/b993900/tr69hostif-329127/src/hostif/profiles/Time/gtest/gtest_time.cpp
2026-03-05 05:48:12,074 - Knowledge - INFO - process ingested knowledge for /app/data/T0015/329127/b993900/tr69hostif-329127/src/unittest/stubs/ds/dslogger.h
2026-03-05 05:48:12,202 - Knowledge - INFO - Worker kw9 processing /app/data/T0015/329127/b993900/tr69hostif-329127/src/hostif/profiles/Time/Device_Time.cpp
2026-03-05 05:48:12,279 - Knowledge - INFO - process ingested knowledge for /app/data/T0015/329127/b993900/tr69hostif-329127/src/unittest/stubs/ds/videoDevice.hpp
2026-03-05 05:48:12,416 - Knowledge - INFO - Async storage completed for 6 embeddings
2026-03-05 05:48:12,499 - Knowledge - INFO - process ingested knowledge for /app/data/T0015/329127/b993900/tr69hostif-329127/src/unittest/stubs/ds/frameRate.hpp
2026-03-05 05:48:12,721 - Knowledge - INFO - process ingested knowledge for /app/data/T0015/329127/b993900/tr69hostif-329127/src/unittest/stubs/ds/videoOutputPort.hpp
2026-03-05 05:48:12,958 - Knowledge - INFO - process ingested knowledge for /app/data/T0015/329127/b993900/tr69hostif-329127/src/unittest/stubs/ds/dsConstant.hpp
2026-03-05 05:48:13,138 - Knowledge - INFO - process ingested knowledge for /app/data/T0015/329127/b993900/tr69hostif-329127/src/unittest/stubs/ds/hdmiIn.hpp
2026-03-05 05:48:14,741 - Knowledge - INFO - [kw2] Queue=113, InProgress=0, PendingWorkers=20/20, Completed=156/366 (42.6%)
2026-03-05 05:48:14,934 - Knowledge - INFO - Batch sizing: calculated=5, max_allowed=10, queue=113, active_workers=20/20
2026-03-05 05:48:15,087 - Knowledge - INFO - Async storing batch of 6 embeddings
2026-03-05 05:48:15,600 - Knowledge - INFO - Worker kw2 processing /app/data/T0015/329127/b993900/tr69hostif-329127/src/hostif/profiles/wifi/Device_WiFi_Radio_Stats.h
2026-03-05 05:48:15,880 - Knowledge - INFO - Worker kw2 processing /app/data/T0015/329127/b993900/tr69hostif-329127/src/hostif/profiles/wifi/Device_WiFi_AccessPoint_WPS.h
2026-03-05 05:48:16,055 - Knowledge - INFO - Worker kw2 processing /app/data/T0015/329127/b993900/tr69hostif-329127/src/hostif/profiles/wifi/Device_WiFi_X_RDKCENTRAL_COM_ClientRoaming.cpp
2026-03-05 05:48:16,223 - Knowledge - INFO - Worker kw2 processing /app/data/T0015/329127/b993900/tr69hostif-329127/src/hostif/profiles/wifi/Device_WiFi_EndPoint_WPS.cpp
2026-03-05 05:48:16,668 - Knowledge - INFO - Worker kw2 processing /app/data/T0015/329127/b993900/tr69hostif-329127/src/hostif/profiles/wifi/Device_WiFi_SSID_Stats.h
2026-03-05 05:48:17,365 - Knowledge - INFO - Async storage completed for 6 embeddings
2026-03-05 05:48:23,014 - Knowledge - INFO - [LLM_CALL] Completed: gtest_src.cpp:chunk1, Duration: 71979ms, PromptTokens: 7870, CompletionTokens: 1120, Cost: $0.00123
2026-03-05 05:48:23,255 - Knowledge - INFO - done ingest for /app/data/T0015/329127/b993900/tr69hostif-329127/src/hostif/src/gtest/gtest_src.cpp
2026-03-05 05:48:24,624 - Knowledge - INFO - [LLM_CALL] Completed: hostIf_tr69ReqHandler.h:chunk1, Duration: 57551ms, PromptTokens: 4086, CompletionTokens: 456, Cost: $0.00059
2026-03-05 05:48:24,834 - Knowledge - INFO - done ingest for /app/data/T0015/329127/b993900/tr69hostif-329127/src/hostif/include/hostIf_tr69ReqHandler.h
2026-03-05 05:48:26,364 - Knowledge - WARNING - Timeout processing /app/data/T0015/329127/b993900/tr69hostif-329127/src/hostif/src/hostIf_utils.cpp after 90s - using fallback metadata
2026-03-05 05:48:27,966 - Knowledge - INFO - [LLM_CALL] Completed: hostIf_utils.h:chunk1, Duration: 39938ms, PromptTokens: 3262, CompletionTokens: 1577, Cost: $0.00096
2026-03-05 05:48:28,659 - Knowledge - INFO - done ingest for /app/data/T0015/329127/b993900/tr69hostif-329127/src/hostif/include/hostIf_utils.h
2026-03-05 05:48:29,488 - Knowledge - INFO - Async storage completed for 6 embeddings
2026-03-05 05:48:30,088 - Knowledge - INFO - [LLM_CALL] Completed: Device_MoCA_Interface_X_RDKCENTRAL_COM_MeshTable.cpp:chunk1, Duration: 74337ms, PromptTokens: 5618, CompletionTokens: 767, Cost: $0.00087
2026-03-05 05:48:30,267 - Knowledge - INFO - done ingest for /app/data/T0015/329127/b993900/tr69hostif-329127/src/hostif/profiles/moca/Device_MoCA_Interface_X_RDKCENTRAL_COM_MeshTable.cpp
2026-03-05 05:48:30,268 - Knowledge - INFO - Processing batch of 6 files
2026-03-05 05:48:30,664 - Knowledge - INFO - process ingested knowledge for /app/data/T0015/329127/b993900/tr69hostif-329127/src/hostif/src/hostIf_utils.cpp
2026-03-05 05:48:31,046 - Knowledge - INFO - process ingested knowledge for /app/data/T0015/329127/b993900/tr69hostif-329127/src/hostif/src/IniFile.cpp
2026-03-05 05:48:31,324 - Knowledge - INFO - process ingested knowledge for /app/data/T0015/329127/b993900/tr69hostif-329127/src/hostif/src/gtest/gtest_src.cpp
2026-03-05 05:48:31,429 - Knowledge - INFO - Async storage completed for 6 embeddings
2026-03-05 05:48:31,475 - Knowledge - INFO - [LLM_CALL] Completed: Device_MoCA_Interface_AssociatedDevice.h:chunk1, Duration: 90784ms, PromptTokens: 9224, CompletionTokens: 794, Cost: $0.00124
2026-03-05 05:48:31,525 - Knowledge - INFO - process ingested knowledge for /app/data/T0015/329127/b993900/tr69hostif-329127/src/hostif/include/IniFile.h
2026-03-05 05:48:31,783 - Knowledge - INFO - done ingest for /app/data/T0015/329127/b993900/tr69hostif-329127/src/hostif/profiles/moca/Device_MoCA_Interface_AssociatedDevice.h
2026-03-05 05:48:31,895 - Knowledge - INFO - process ingested knowledge for /app/data/T0015/329127/b993900/tr69hostif-329127/src/hostif/include/hostIf_tr69ReqHandler.h
2026-03-05 05:48:32,136 - Knowledge - INFO - process ingested knowledge for /app/data/T0015/329127/b993900/tr69hostif-329127/src/hostif/include/hostIf_utils.h
2026-03-05 05:48:32,813 - Knowledge - WARNING - Timeout processing /app/data/T0015/329127/b993900/tr69hostif-329127/src/hostif/profiles/moca/Device_MoCA_Interface_Stats.cpp after 90s - using fallback metadata
2026-03-05 05:48:33,170 - Knowledge - WARNING - Timeout processing /app/data/T0015/329127/b993900/tr69hostif-329127/src/hostif/profiles/moca/Device_MoCA_Interface.h after 90s - using fallback metadata
2026-03-05 05:48:33,505 - Knowledge - INFO - Processing batch of 5 files
2026-03-05 05:48:33,683 - Knowledge - INFO - process ingested knowledge for /app/data/T0015/329127/b993900/tr69hostif-329127/src/hostif/profiles/moca/Device_MoCA_Interface_AssociatedDevice.h
2026-03-05 05:48:33,861 - Knowledge - INFO - process ingested knowledge for /app/data/T0015/329127/b993900/tr69hostif-329127/src/hostif/profiles/moca/Device_MoCA_Interface_QoS.cpp
2026-03-05 05:48:33,882 - Knowledge - INFO - [WEBSOCKET] Sent: Type=progress_update, Size: 292, Duration: 0ms
2026-03-05 05:48:34,096 - Knowledge - INFO - process ingested knowledge for /app/data/T0015/329127/b993900/tr69hostif-329127/src/hostif/profiles/moca/Device_MoCA_Interface_X_RDKCENTRAL_COM_MeshTable.cpp
2026-03-05 05:48:34,336 - Knowledge - INFO - [WEBSOCKET] Sent: Type=unknown, Size: ?, Duration: 454ms
2026-03-05 05:48:34,604 - Knowledge - INFO - process ingested knowledge for /app/data/T0015/329127/b993900/tr69hostif-329127/src/hostif/profiles/moca/Device_MoCA_Interface_Stats.cpp
2026-03-05 05:48:34,618 - Knowledge - INFO - Progress: 45.6% | Files: 167/366 | Rate: 1.01 files/sec | Queue: 108
2026-03-05 05:48:34,743 - Knowledge - INFO - [LLM_CALL] Completed: Device_DeviceInfo_Processor.h:chunk1, Duration: 59075ms, PromptTokens: 2512, CompletionTokens: 366, Cost: $0.00040
2026-03-05 05:48:34,851 - Knowledge - INFO - process ingested knowledge for /app/data/T0015/329127/b993900/tr69hostif-329127/src/hostif/profiles/moca/Device_MoCA_Interface.h
2026-03-05 05:48:35,051 - Knowledge - INFO - [kw4] Queue=108, InProgress=0, PendingWorkers=20/20, Completed=167/366 (45.6%)
2026-03-05 05:48:35,172 - Knowledge - INFO - done ingest for /app/data/T0015/329127/b993900/tr69hostif-329127/src/hostif/profiles/DeviceInfo/Device_DeviceInfo_Processor.h
2026-03-05 05:48:35,361 - Knowledge - INFO - Batch sizing: calculated=5, max_allowed=10, queue=108, active_workers=20/20
2026-03-05 05:48:35,940 - Knowledge - INFO - Async storing batch of 6 embeddings
2026-03-05 05:48:36,215 - Knowledge - INFO - Worker kw4 processing /app/data/T0015/329127/b993900/tr69hostif-329127/src/hostif/profiles/wifi/Device_WiFi_EndPoint_Profile.h
2026-03-05 05:48:36,575 - Knowledge - INFO - Worker kw4 processing /app/data/T0015/329127/b993900/tr69hostif-329127/src/hostif/profiles/wifi/Device_WiFi.h
2026-03-05 05:48:36,899 - Knowledge - INFO - Worker kw4 processing /app/data/T0015/329127/b993900/tr69hostif-329127/src/hostif/profiles/wifi/Device_WiFi_EndPoint.h
2026-03-05 05:48:37,149 - Knowledge - INFO - Worker kw4 processing /app/data/T0015/329127/b993900/tr69hostif-329127/src/hostif/profiles/wifi/Device_WiFi_Radio.h
2026-03-05 05:48:37,245 - Knowledge - INFO - [LLM_CALL] Completed: XrdkBlueTooth.cpp:chunk1, Duration: 79071ms, PromptTokens: 17952, CompletionTokens: 1340, Cost: $0.00233
2026-03-05 05:48:37,351 - Knowledge - INFO - Worker kw4 processing /app/data/T0015/329127/b993900/tr69hostif-329127/src/hostif/profiles/wifi/Device_WiFi_AccessPoint.cpp
2026-03-05 05:48:37,446 - Knowledge - INFO - [kw5] Queue=103, InProgress=0, PendingWorkers=20/20, Completed=167/366 (45.6%)
2026-03-05 05:48:37,857 - Knowledge - INFO - Batch sizing: calculated=5, max_allowed=10, queue=103, active_workers=20/20
2026-03-05 05:48:38,120 - Knowledge - INFO - Async storing batch of 5 embeddings
2026-03-05 05:48:38,380 - Knowledge - INFO - Worker kw5 processing /app/data/T0015/329127/b993900/tr69hostif-329127/src/hostif/profiles/wifi/Device_WiFi_EndPoint_Profile_Security.cpp
2026-03-05 05:48:38,900 - Knowledge - INFO - Worker kw5 processing /app/data/T0015/329127/b993900/tr69hostif-329127/src/hostif/profiles/wifi/Device_WiFi_SSID.h
2026-03-05 05:48:39,310 - Knowledge - INFO - Worker kw5 processing /app/data/T0015/329127/b993900/tr69hostif-329127/src/hostif/profiles/wifi/Device_WiFi_AccessPoint_Security.h
2026-03-05 05:48:40,373 - Knowledge - INFO - Worker kw5 processing /app/data/T0015/329127/b993900/tr69hostif-329127/src/hostif/profiles/wifi/Device_WiFi_EndPoint_Security.cpp
2026-03-05 05:48:41,087 - Knowledge - INFO - Worker kw5 processing /app/data/T0015/329127/b993900/tr69hostif-329127/src/hostif/profiles/wifi/Device_WiFi_AccessPoint_AssociatedDevice.h
2026-03-05 05:48:41,396 - Knowledge - INFO - [LLM_CALL] Completed: XrdkBlueTooth.h:chunk1, Duration: 61581ms, PromptTokens: 4624, CompletionTokens: 487, Cost: $0.00066
2026-03-05 05:48:41,612 - Knowledge - INFO - done ingest for /app/data/T0015/329127/b993900/tr69hostif-329127/src/hostif/profiles/DeviceInfo/XrdkBlueTooth.h
2026-03-05 05:48:42,491 - Knowledge - INFO - [LLM_CALL] Completed: Device_DeviceInfo.h:chunk1, Duration: 81587ms, PromptTokens: 16362, CompletionTokens: 1377, Cost: $0.00219
2026-03-05 05:48:43,875 - Knowledge - INFO - [LLM_CALL] Completed: XrdkCentralComBSStoreJournal.cpp:chunk1, Duration: 64401ms, PromptTokens: 8452, CompletionTokens: 637, Cost: $0.00110
2026-03-05 05:48:44,100 - Knowledge - INFO - done ingest for /app/data/T0015/329127/b993900/tr69hostif-329127/src/hostif/profiles/DeviceInfo/XrdkCentralComBSStoreJournal.cpp
2026-03-05 05:48:45,132 - Knowledge - INFO - [LLM_CALL] Completed: Device_DeviceInfo_Processor.cpp:chunk1, Duration: 82375ms, PromptTokens: 3498, CompletionTokens: 663, Cost: $0.00061
2026-03-05 05:48:45,377 - Knowledge - INFO - done ingest for /app/data/T0015/329127/b993900/tr69hostif-329127/src/hostif/profiles/DeviceInfo/Device_DeviceInfo_Processor.cpp
2026-03-05 05:48:46,205 - Knowledge - INFO - [LLM_CALL] Completed: Components_XrdkSDCard.cpp:chunk1, Duration: 44724ms, PromptTokens: 16710, CompletionTokens: 811, Cost: $0.00200
2026-03-05 05:48:46,399 - Knowledge - INFO - done ingest for /app/data/T0015/329127/b993900/tr69hostif-329127/src/hostif/profiles/STBService/Components_XrdkSDCard.cpp
2026-03-05 05:48:46,651 - Knowledge - INFO - Async storage completed for 6 embeddings
2026-03-05 05:48:46,655 - Knowledge - INFO - Processing batch of 5 files
2026-03-05 05:48:46,754 - Knowledge - INFO - Async storage completed for 6 embeddings
2026-03-05 05:48:46,866 - Knowledge - WARNING - Timeout processing /app/data/T0015/329127/b993900/tr69hostif-329127/src/hostif/profiles/moca/Device_MoCA_Interface_QoS_FlowStats.cpp after 90s - using fallback metadata
2026-03-05 05:48:46,939 - Knowledge - INFO - Async storage completed for 6 embeddings
2026-03-05 05:48:46,947 - Knowledge - INFO - process ingested knowledge for /app/data/T0015/329127/b993900/tr69hostif-329127/src/hostif/profiles/DeviceInfo/Device_DeviceInfo_Processor.cpp
2026-03-05 05:48:47,065 - Knowledge - WARNING - Timeout processing /app/data/T0015/329127/b993900/tr69hostif-329127/src/hostif/profiles/moca/Device_MoCA_Interface_AssociatedDevice.cpp after 90s - using fallback metadata
2026-03-05 05:48:47,150 - Knowledge - WARNING - Timeout processing /app/data/T0015/329127/b993900/tr69hostif-329127/src/hostif/include/hostIf_main.h after 90s - using fallback metadata
2026-03-05 05:48:47,295 - Knowledge - WARNING - Timeout processing /app/data/T0015/329127/b993900/tr69hostif-329127/src/hostif/profiles/DeviceInfo/Device_DeviceInfo_ProcessStatus_Process.cpp after 90s - using fallback metadata
2026-03-05 05:48:47,393 - Knowledge - INFO - process ingested knowledge for /app/data/T0015/329127/b993900/tr69hostif-329127/src/hostif/profiles/DeviceInfo/gtest/gtest_main.cpp
2026-03-05 05:48:47,515 - Knowledge - WARNING - Timeout processing /app/data/T0015/329127/b993900/tr69hostif-329127/src/hostif/profiles/moca/Device_MoCA_Interface_QoS_FlowStats.h after 90s - using fallback metadata
2026-03-05 05:48:47,646 - Knowledge - WARNING - Timeout processing /app/data/T0015/329127/b993900/tr69hostif-329127/src/hostif/profiles/Device/x_rdk_profile.cpp after 90s - using fallback metadata
2026-03-05 05:48:47,772 - Knowledge - WARNING - Timeout processing /app/data/T0015/329127/b993900/tr69hostif-329127/src/hostif/profiles/DeviceInfo/XrdkCentralComRFCStore.cpp after 90s - using fallback metadata
2026-03-05 05:48:47,868 - Knowledge - INFO - process ingested knowledge for /app/data/T0015/329127/b993900/tr69hostif-329127/src/hostif/profiles/DeviceInfo/XrdkCentralComRFCStore.h
2026-03-05 05:48:47,951 - Knowledge - WARNING - Timeout processing /app/data/T0015/329127/b993900/tr69hostif-329127/src/hostif/profiles/moca/Device_MoCA_Interface_Stats.h after 90s - using fallback metadata
2026-03-05 05:48:48,072 - Knowledge - WARNING - Timeout processing /app/data/T0015/329127/b993900/tr69hostif-329127/src/hostif/profiles/Device/gtest/gtest_device.cpp after 90s - using fallback metadata
2026-03-05 05:48:48,193 - Knowledge - WARNING - Timeout processing /app/data/T0015/329127/b993900/tr69hostif-329127/src/hostif/profiles/DeviceInfo/Device_DeviceInfo_ProcessStatus.cpp after 90s - using fallback metadata
2026-03-05 05:48:48,273 - Knowledge - INFO - process ingested knowledge for /app/data/T0015/329127/b993900/tr69hostif-329127/src/hostif/profiles/DeviceInfo/XrdkCentralComBSStoreJournal.cpp
2026-03-05 05:48:48,364 - Knowledge - WARNING - Timeout processing /app/data/T0015/329127/b993900/tr69hostif-329127/src/hostif/profiles/moca/Device_MoCA_Interface_QoS.h after 90s - using fallback metadata
2026-03-05 05:48:48,459 - Knowledge - WARNING - Timeout processing /app/data/T0015/329127/b993900/tr69hostif-329127/src/hostif/profiles/moca/Device_MoCA_Interface.cpp after 90s - using fallback metadata
2026-03-05 05:48:48,563 - Knowledge - WARNING - Timeout processing /app/data/T0015/329127/b993900/tr69hostif-329127/src/hostif/profiles/DeviceInfo/Device_DeviceInfo_ProcessStatus_Process.h after 90s - using fallback metadata
2026-03-05 05:48:48,658 - Knowledge - INFO - process ingested knowledge for /app/data/T0015/329127/b993900/tr69hostif-329127/src/hostif/profiles/STBService/Components_XrdkSDCard.cpp
2026-03-05 05:48:48,762 - Knowledge - WARNING - Timeout processing /app/data/T0015/329127/b993900/tr69hostif-329127/src/hostif/profiles/moca/Device_MoCA_Interface_X_RDKCENTRAL_COM_MeshTable.h after 90s - using fallback metadata
2026-03-05 05:48:48,903 - Knowledge - INFO - Processing batch of 6 files
2026-03-05 05:48:49,013 - Knowledge - INFO - Processing batch of 5 files
2026-03-05 05:48:49,239 - Knowledge - INFO - Processing batch of 5 files
2026-03-05 05:48:49,281 - Knowledge - INFO - process ingested knowledge for /app/data/T0015/329127/b993900/tr69hostif-329127/src/hostif/include/hostIf_main.h
2026-03-05 05:48:49,409 - Knowledge - INFO - process ingested knowledge for /app/data/T0015/329127/b993900/tr69hostif-329127/src/hostif/profiles/DeviceInfo/Device_DeviceInfo_ProcessStatus_Process.cpp
2026-03-05 05:48:49,509 - Knowledge - INFO - process ingested knowledge for /app/data/T0015/329127/b993900/tr69hostif-329127/src/hostif/profiles/moca/Device_MoCA_Interface_QoS_FlowStats.h
2026-03-05 05:48:49,565 - Knowledge - INFO - [WEBSOCKET] Sent: Type=progress_update, Size: 292, Duration: 0ms
2026-03-05 05:48:49,634 - Knowledge - INFO - process ingested knowledge for /app/data/T0015/329127/b993900/tr69hostif-329127/src/hostif/profiles/Device/x_rdk_profile.h
2026-03-05 05:48:49,715 - Knowledge - INFO - process ingested knowledge for /app/data/T0015/329127/b993900/tr69hostif-329127/src/hostif/profiles/DeviceInfo/XrdkCentralComRFC.h
2026-03-05 05:48:49,812 - Knowledge - INFO - process ingested knowledge for /app/data/T0015/329127/b993900/tr69hostif-329127/src/hostif/profiles/moca/Device_MoCA_Interface_Stats.h
2026-03-05 05:48:49,927 - Knowledge - INFO - [WEBSOCKET] Sent: Type=unknown, Size: ?, Duration: 362ms
2026-03-05 05:48:50,013 - Knowledge - INFO - process ingested knowledge for /app/data/T0015/329127/b993900/tr69hostif-329127/src/hostif/profiles/Device/x_rdk_profile.cpp
2026-03-05 05:48:50,126 - Knowledge - INFO - process ingested knowledge for /app/data/T0015/329127/b993900/tr69hostif-329127/src/hostif/profiles/DeviceInfo/XrdkCentralComRFCStore.cpp
2026-03-05 05:48:50,217 - Knowledge - INFO - process ingested knowledge for /app/data/T0015/329127/b993900/tr69hostif-329127/src/hostif/profiles/moca/Device_MoCA_Interface_QoS.h
2026-03-05 05:48:50,328 - Knowledge - INFO - Progress: 51.4% | Files: 188/366 | Rate: 1.03 files/sec | Queue: 98
2026-03-05 05:48:50,431 - Knowledge - INFO - process ingested knowledge for /app/data/T0015/329127/b993900/tr69hostif-329127/src/hostif/profiles/Device/gtest/gtest_device.cpp
2026-03-05 05:48:50,524 - Knowledge - INFO - process ingested knowledge for /app/data/T0015/329127/b993900/tr69hostif-329127/src/hostif/profiles/DeviceInfo/Device_DeviceInfo_ProcessStatus.cpp
2026-03-05 05:48:50,611 - Knowledge - INFO - process ingested knowledge for /app/data/T0015/329127/b993900/tr69hostif-329127/src/hostif/profiles/moca/Device_MoCA_Interface_X_RDKCENTRAL_COM_MeshTable.h
2026-03-05 05:48:50,717 - Knowledge - INFO - [kw19] Queue=98, InProgress=0, PendingWorkers=20/20, Completed=188/366 (51.4%)
2026-03-05 05:48:50,828 - Knowledge - INFO - process ingested knowledge for /app/data/T0015/329127/b993900/tr69hostif-329127/src/hostif/profiles/moca/Device_MoCA_Interface.cpp
2026-03-05 05:48:50,919 - Knowledge - INFO - process ingested knowledge for /app/data/T0015/329127/b993900/tr69hostif-329127/src/hostif/profiles/DeviceInfo/Device_DeviceInfo_ProcessStatus_Process.h
2026-03-05 05:48:51,041 - Knowledge - INFO - process ingested knowledge for /app/data/T0015/329127/b993900/tr69hostif-329127/src/hostif/profiles/moca/Device_MoCA_Interface_AssociatedDevice.cpp
2026-03-05 05:48:51,163 - Knowledge - INFO - Batch sizing: calculated=4, max_allowed=10, queue=98, active_workers=20/20
2026-03-05 05:48:51,248 - Knowledge - INFO - process ingested knowledge for /app/data/T0015/329127/b993900/tr69hostif-329127/src/hostif/profiles/moca/Device_MoCA_Interface_QoS_FlowStats.cpp
2026-03-05 05:48:51,673 - Knowledge - INFO - Async storing batch of 5 embeddings
2026-03-05 05:48:51,892 - Knowledge - INFO - Worker kw19 processing /app/data/T0015/329127/b993900/tr69hostif-329127/src/hostif/profiles/wifi/Device_WiFi_SSID.cpp
2026-03-05 05:48:52,058 - Knowledge - INFO - Worker kw19 processing /app/data/T0015/329127/b993900/tr69hostif-329127/src/hostif/profiles/wifi/Device_WiFi_AccessPoint_Security.cpp
2026-03-05 05:48:52,170 - Knowledge - INFO - [kw13] Queue=94, InProgress=0, PendingWorkers=20/20, Completed=188/366 (51.4%)
2026-03-05 05:48:52,217 - Knowledge - INFO - Worker kw19 processing /app/data/T0015/329127/b993900/tr69hostif-329127/src/hostif/profiles/wifi/Device_WiFi_AccessPoint_AssociatedDevice.cpp
2026-03-05 05:48:52,360 - Knowledge - INFO - Batch sizing: calculated=4, max_allowed=10, queue=94, active_workers=20/20
2026-03-05 05:48:52,370 - Knowledge - INFO - [kw6] Queue=94, InProgress=0, PendingWorkers=20/20, Completed=188/366 (51.4%)
2026-03-05 05:48:52,492 - Knowledge - INFO - Worker kw19 processing /app/data/T0015/329127/b993900/tr69hostif-329127/src/hostif/profiles/wifi/Device_WiFi_Radio.cpp
2026-03-05 05:48:52,608 - Knowledge - INFO - [kw8] Queue=94, InProgress=0, PendingWorkers=20/20, Completed=188/366 (51.4%)
2026-03-05 05:48:52,624 - Knowledge - INFO - Async storing batch of 5 embeddings
2026-03-05 05:48:52,710 - Knowledge - INFO - Batch sizing: calculated=4, max_allowed=10, queue=94, active_workers=20/20
2026-03-05 05:48:52,900 - Knowledge - INFO - Batch sizing: calculated=4, max_allowed=10, queue=94, active_workers=20/20
2026-03-05 05:48:52,980 - Knowledge - INFO - Worker kw13 processing /app/data/T0015/329127/b993900/tr69hostif-329127/src/hostif/profiles/wifi/Device_WiFi_X_RDKCENTRAL_COM_ClientRoaming.h
2026-03-05 05:48:53,069 - Knowledge - INFO - Async storing batch of 5 embeddings
2026-03-05 05:48:53,199 - Knowledge - INFO - Async storing batch of 6 embeddings
2026-03-05 05:48:53,305 - Knowledge - INFO - Worker kw13 processing /app/data/T0015/329127/b993900/tr69hostif-329127/src/hostif/profiles/wifi/Device_WiFi_EndPoint_WPS.h
2026-03-05 05:48:53,434 - Knowledge - INFO - Worker kw6 processing /app/data/T0015/329127/b993900/tr69hostif-329127/src/hostif/profiles/wifi/Device_WiFi_EndPoint_Security.h
2026-03-05 05:48:53,529 - Knowledge - INFO - Worker kw8 processing /app/data/T0015/329127/b993900/tr69hostif-329127/src/hostif/profiles/wifi/Device_WiFi_EndPoint.cpp
2026-03-05 05:48:53,626 - Knowledge - INFO - Worker kw13 processing /app/data/T0015/329127/b993900/tr69hostif-329127/src/hostif/profiles/wifi/Device_WiFi_AccessPoint_WPS.cpp
2026-03-05 05:48:53,701 - Knowledge - INFO - Worker kw6 processing /app/data/T0015/329127/b993900/tr69hostif-329127/src/hostif/profiles/wifi/Device_WiFi_EndPoint_Profile_Security.h
2026-03-05 05:48:53,836 - Knowledge - INFO - Worker kw8 processing /app/data/T0015/329127/b993900/tr69hostif-329127/src/hostif/profiles/wifi/Device_WiFi_AccessPoint.h
2026-03-05 05:48:53,920 - Knowledge - INFO - Worker kw13 processing /app/data/T0015/329127/b993900/tr69hostif-329127/src/hostif/profiles/wifi/Device_WiFi_Radio_Stats.cpp
2026-03-05 05:48:54,045 - Knowledge - INFO - Worker kw6 processing /app/data/T0015/329127/b993900/tr69hostif-329127/src/hostif/profiles/wifi/Device_WiFi_EndPoint_Profile.cpp
2026-03-05 05:48:54,117 - Knowledge - INFO - Async storage completed for 6 embeddings
2026-03-05 05:48:54,169 - Knowledge - INFO - Worker kw8 processing /app/data/T0015/329127/b993900/tr69hostif-329127/src/hostif/profiles/wifi/Device_WiFi_SSID_Stats.cpp
2026-03-05 05:48:54,370 - Knowledge - INFO - Worker kw6 processing /app/data/T0015/329127/b993900/tr69hostif-329127/src/hostif/profiles/wifi/Device_WiFi.cpp
2026-03-05 05:48:54,497 - Knowledge - WARNING - Timeout processing /app/data/T0015/329127/b993900/tr69hostif-329127/src/hostif/profiles/STBService/Components_DisplayDevice.cpp after 90s - using fallback metadata
2026-03-05 05:48:54,622 - Knowledge - INFO - Worker kw8 processing /app/data/T0015/329127/b993900/tr69hostif-329127/src/hostif/handlers/src/hostIf_TimeClient_ReqHandler.cpp
2026-03-05 05:48:54,747 - Knowledge - INFO - Fast-tracked /app/data/T0015/329127/b993900/tr69hostif-329127/src/hostif/profiles/wifi/Device_WiFi_EndPoint_Security.h (small file (3019 bytes))
2026-03-05 05:48:54,841 - Knowledge - WARNING - Timeout processing /app/data/T0015/329127/b993900/tr69hostif-329127/src/hostif/profiles/STBService/Components_VideoDecoder.h after 90s - using fallback metadata
2026-03-05 05:48:55,167 - Knowledge - WARNING - Timeout processing /app/data/T0015/329127/b993900/tr69hostif-329127/src/hostif/profiles/STBService/Components_HDMI.cpp after 90s - using fallback metadata
2026-03-05 05:48:55,394 - Knowledge - WARNING - Timeout processing /app/data/T0015/329127/b993900/tr69hostif-329127/src/hostif/profiles/STBService/Components_SPDIF.cpp after 90s - using fallback metadata
2026-03-05 05:48:55,658 - Knowledge - INFO - Processing batch of 5 files
2026-03-05 05:48:55,835 - Knowledge - INFO - process ingested knowledge for /app/data/T0015/329127/b993900/tr69hostif-329127/src/hostif/profiles/STBService/Capabilities.h
2026-03-05 05:48:56,060 - Knowledge - INFO - process ingested knowledge for /app/data/T0015/329127/b993900/tr69hostif-329127/src/hostif/profiles/STBService/Components_VideoDecoder.h
2026-03-05 05:48:56,250 - Knowledge - INFO - process ingested knowledge for /app/data/T0015/329127/b993900/tr69hostif-329127/src/hostif/profiles/STBService/Components_HDMI.cpp
2026-03-05 05:48:56,458 - Knowledge - INFO - process ingested knowledge for /app/data/T0015/329127/b993900/tr69hostif-329127/src/hostif/profiles/STBService/Components_SPDIF.cpp
2026-03-05 05:48:56,632 - Knowledge - INFO - process ingested knowledge for /app/data/T0015/329127/b993900/tr69hostif-329127/src/hostif/profiles/STBService/Components_DisplayDevice.cpp
2026-03-05 05:48:57,818 - Knowledge - INFO - [kw17] Queue=82, InProgress=0, PendingWorkers=20/20, Completed=193/366 (52.7%)
2026-03-05 05:48:58,219 - Knowledge - INFO - Batch sizing: calculated=4, max_allowed=10, queue=82, active_workers=20/20
2026-03-05 05:48:58,689 - Knowledge - INFO - Async storing batch of 5 embeddings
2026-03-05 05:48:58,714 - Knowledge - INFO - [LLM_CALL] Completed: XrdkCentralComBSStore.cpp:chunk1, Duration: 61428ms, PromptTokens: 18372, CompletionTokens: 963, Cost: $0.00222
2026-03-05 05:48:58,865 - Knowledge - INFO - Worker kw17 processing /app/data/T0015/329127/b993900/tr69hostif-329127/src/hostif/handlers/src/hostIf_EthernetClient_ReqHandler.cpp
2026-03-05 05:48:58,964 - Knowledge - INFO - done ingest for /app/data/T0015/329127/b993900/tr69hostif-329127/src/hostif/profiles/DeviceInfo/XrdkCentralComBSStore.cpp
2026-03-05 05:48:59,079 - Knowledge - INFO - Worker kw17 processing /app/data/T0015/329127/b993900/tr69hostif-329127/src/hostif/handlers/src/hostIf_XREClient_ReqHandler.cpp
2026-03-05 05:48:59,193 - Knowledge - WARNING - Timeout processing /app/data/T0015/329127/b993900/tr69hostif-329127/src/hostif/profiles/DeviceInfo/XrdkBlueTooth.cpp after 90s - using fallback metadata
2026-03-05 05:48:59,293 - Knowledge - INFO - Worker kw17 processing /app/data/T0015/329127/b993900/tr69hostif-329127/src/hostif/handlers/src/hostIf_InterfaceStackClient_ReqHandler.cpp
2026-03-05 05:48:59,429 - Knowledge - INFO - Processing batch of 5 files
2026-03-05 05:48:59,482 - Knowledge - INFO - Worker kw17 processing /app/data/T0015/329127/b993900/tr69hostif-329127/src/hostif/handlers/src/hostIf_StorageService_ReqHandler.cpp
2026-03-05 05:48:59,622 - Knowledge - INFO - process ingested knowledge for /app/data/T0015/329127/b993900/tr69hostif-329127/src/hostif/profiles/DeviceInfo/XrdkBlueTooth.cpp
2026-03-05 05:48:59,814 - Knowledge - INFO - process ingested knowledge for /app/data/T0015/329127/b993900/tr69hostif-329127/src/hostif/profiles/DeviceInfo/Device_DeviceInfo_Processor.h
2026-03-05 05:48:59,974 - Knowledge - INFO - process ingested knowledge for /app/data/T0015/329127/b993900/tr69hostif-329127/src/hostif/profiles/DeviceInfo/XrdkCentralComBSStoreJournal.h
2026-03-05 05:49:00,147 - Knowledge - INFO - process ingested knowledge for /app/data/T0015/329127/b993900/tr69hostif-329127/src/hostif/profiles/DeviceInfo/XrdkCentralComBSStore.cpp
2026-03-05 05:49:00,331 - Knowledge - INFO - process ingested knowledge for /app/data/T0015/329127/b993900/tr69hostif-329127/src/hostif/profiles/DeviceInfo/Device_DeviceInfo.cpp
2026-03-05 05:49:00,988 - Knowledge - INFO - [WEBSOCKET] Sent: Type=progress_update, Size: 292, Duration: 0ms
2026-03-05 05:49:01,181 - Knowledge - INFO - [WEBSOCKET] Sent: Type=unknown, Size: ?, Duration: 193ms
2026-03-05 05:49:01,230 - Knowledge - INFO - Async storage completed for 6 embeddings
2026-03-05 05:49:01,377 - Knowledge - INFO - Progress: 54.1% | Files: 198/366 | Rate: 1.02 files/sec | Queue: 78
2026-03-05 05:49:01,481 - Knowledge - WARNING - Timeout processing /app/data/T0015/329127/b993900/tr69hostif-329127/src/hostif/profiles/STBService/Components_SPDIF.h after 90s - using fallback metadata
2026-03-05 05:49:01,613 - Knowledge - INFO - [kw20] Queue=78, InProgress=0, PendingWorkers=20/20, Completed=198/366 (54.1%)
2026-03-05 05:49:01,688 - Knowledge - WARNING - Timeout processing /app/data/T0015/329127/b993900/tr69hostif-329127/src/hostif/profiles/STBService/Components_AudioOutput.h after 90s - using fallback metadata
2026-03-05 05:49:01,861 - Knowledge - INFO - Batch sizing: calculated=4, max_allowed=10, queue=78, active_workers=20/20
2026-03-05 05:49:01,938 - Knowledge - WARNING - Timeout processing /app/data/T0015/329127/b993900/tr69hostif-329127/src/hostif/profiles/STBService/Components_VideoOutput.cpp after 90s - using fallback metadata
2026-03-05 05:49:02,058 - Knowledge - INFO - Async storing batch of 5 embeddings
2026-03-05 05:49:02,155 - Knowledge - WARNING - Timeout processing /app/data/T0015/329127/b993900/tr69hostif-329127/src/hostif/profiles/STBService/Components_DisplayDevice.h after 90s - using fallback metadata
2026-03-05 05:49:02,263 - Knowledge - INFO - Worker kw20 processing /app/data/T0015/329127/b993900/tr69hostif-329127/src/hostif/handlers/src/hostIf_dsClient_ReqHandler.cpp
2026-03-05 05:49:02,535 - Knowledge - INFO - Worker kw20 processing /app/data/T0015/329127/b993900/tr69hostif-329127/src/hostif/handlers/src/hostIf_NotificationHandler.cpp
2026-03-05 05:49:02,559 - Knowledge - INFO - [LLM_CALL] Completed: Device_DeviceInfo_ProcessStatus.h:chunk1, Duration: 60806ms, PromptTokens: 2900, CompletionTokens: 552, Cost: $0.00051
2026-03-05 05:49:02,790 - Knowledge - INFO - Worker kw20 processing /app/data/T0015/329127/b993900/tr69hostif-329127/src/hostif/handlers/src/hostIf_msgHandler.cpp
2026-03-05 05:49:02,920 - Knowledge - INFO - done ingest for /app/data/T0015/329127/b993900/tr69hostif-329127/src/hostif/profiles/DeviceInfo/Device_DeviceInfo_ProcessStatus.h
2026-03-05 05:49:02,958 - Knowledge - INFO - Processing batch of 5 files
2026-03-05 05:49:03,021 - Knowledge - INFO - Worker kw20 processing /app/data/T0015/329127/b993900/tr69hostif-329127/src/hostif/handlers/src/hostIf_IPClient_ReqHandler.cpp
2026-03-05 05:49:03,090 - Knowledge - INFO - Split /app/data/T0015/329127/b993900/tr69hostif-329127/src/hostif/profiles/IP/Device_IP_Interface_IPv6Address.cpp (68923 bytes) into 3 chunks of ~32KB
2026-03-05 05:49:03,131 - Knowledge - WARNING - Timeout processing /app/data/T0015/329127/b993900/tr69hostif-329127/src/hostif/profiles/DeviceInfo/Device_DeviceInfo.h after 90s - using fallback metadata
2026-03-05 05:49:03,225 - Knowledge - INFO - process ingested knowledge for /app/data/T0015/329127/b993900/tr69hostif-329127/src/hostif/profiles/STBService/Components_XrdkEMMC.h
2026-03-05 05:49:03,596 - Knowledge - INFO - Processing batch of 5 files
2026-03-05 05:49:03,672 - Knowledge - INFO - process ingested knowledge for /app/data/T0015/329127/b993900/tr69hostif-329127/src/hostif/profiles/STBService/Components_AudioOutput.h
2026-03-05 05:49:03,787 - Knowledge - INFO - process ingested knowledge for /app/data/T0015/329127/b993900/tr69hostif-329127/src/hostif/profiles/DeviceInfo/Device_DeviceInfo.h
2026-03-05 05:49:03,920 - Knowledge - INFO - process ingested knowledge for /app/data/T0015/329127/b993900/tr69hostif-329127/src/hostif/profiles/STBService/Components_VideoOutput.cpp
2026-03-05 05:49:04,047 - Knowledge - INFO - process ingested knowledge for /app/data/T0015/329127/b993900/tr69hostif-329127/src/hostif/profiles/DeviceInfo/XrdkCentralComBSStore.h
2026-03-05 05:49:04,163 - Knowledge - INFO - process ingested knowledge for /app/data/T0015/329127/b993900/tr69hostif-329127/src/hostif/profiles/STBService/Components_DisplayDevice.h
2026-03-05 05:49:04,263 - Knowledge - INFO - process ingested knowledge for /app/data/T0015/329127/b993900/tr69hostif-329127/src/hostif/profiles/DeviceInfo/XrdkBlueTooth.h
2026-03-05 05:49:04,371 - Knowledge - INFO - process ingested knowledge for /app/data/T0015/329127/b993900/tr69hostif-329127/src/hostif/profiles/STBService/Components_SPDIF.h
2026-03-05 05:49:04,461 - Knowledge - INFO - process ingested knowledge for /app/data/T0015/329127/b993900/tr69hostif-329127/src/hostif/profiles/DeviceInfo/XrdkCentralComRFC.cpp
2026-03-05 05:49:04,647 - Knowledge - INFO - process ingested knowledge for /app/data/T0015/329127/b993900/tr69hostif-329127/src/hostif/profiles/DeviceInfo/Device_DeviceInfo_ProcessStatus.h
2026-03-05 05:49:05,196 - Knowledge - INFO - [WEBSOCKET] Sent: Type=progress_update, Size: 293, Duration: 0ms
2026-03-05 05:49:05,414 - Knowledge - INFO - [WEBSOCKET] Sent: Type=unknown, Size: ?, Duration: 218ms
2026-03-05 05:49:05,576 - Knowledge - INFO - Progress: 56.8% | Files: 208/366 | Rate: 1.05 files/sec | Queue: 74
2026-03-05 05:49:05,577 - Knowledge - INFO - [kw18] Queue=74, InProgress=0, PendingWorkers=20/20, Completed=208/366 (56.8%)
2026-03-05 05:49:05,746 - Knowledge - INFO - [kw1] Queue=74, InProgress=0, PendingWorkers=20/20, Completed=208/366 (56.8%)
2026-03-05 05:49:05,837 - Knowledge - INFO - Batch sizing: calculated=4, max_allowed=10, queue=74, active_workers=20/20
2026-03-05 05:49:05,929 - Knowledge - INFO - Batch sizing: calculated=4, max_allowed=10, queue=74, active_workers=20/20
2026-03-05 05:49:06,053 - Knowledge - INFO - Async storing batch of 5 embeddings
2026-03-05 05:49:06,142 - Knowledge - INFO - Async storing batch of 5 embeddings
2026-03-05 05:49:06,286 - Knowledge - INFO - Worker kw18 processing /app/data/T0015/329127/b993900/tr69hostif-329127/src/hostif/handlers/src/hostIf_XrdkCentralT2_ReqHandler.cpp
2026-03-05 05:49:06,376 - Knowledge - INFO - Worker kw1 processing /app/data/T0015/329127/b993900/tr69hostif-329127/src/hostif/handlers/src/hostIf_MoCAClient_ReqHandler.cpp
2026-03-05 05:49:06,481 - Knowledge - INFO - Worker kw18 processing /app/data/T0015/329127/b993900/tr69hostif-329127/src/hostif/handlers/src/hostIf_DHCPv4Client_ReqHandler.cpp
2026-03-05 05:49:06,569 - Knowledge - INFO - Worker kw1 processing /app/data/T0015/329127/b993900/tr69hostif-329127/src/hostif/handlers/src/hostIf_WiFi_ReqHandler.cpp
2026-03-05 05:49:06,675 - Knowledge - INFO - Worker kw18 processing /app/data/T0015/329127/b993900/tr69hostif-329127/src/hostif/handlers/src/hostIf_updateHandler.cpp
2026-03-05 05:49:06,789 - Knowledge - INFO - Worker kw1 processing /app/data/T0015/329127/b993900/tr69hostif-329127/src/hostif/handlers/src/hostIf_jsonReqHandlerThread.cpp
2026-03-05 05:49:06,883 - Knowledge - INFO - Worker kw18 processing /app/data/T0015/329127/b993900/tr69hostif-329127/src/hostif/handlers/src/hostIf_DeviceClient_ReqHandler.cpp
2026-03-05 05:49:06,974 - Knowledge - INFO - Worker kw1 processing /app/data/T0015/329127/b993900/tr69hostif-329127/src/hostif/handlers/src/x_rdk_req_handler.cpp
2026-03-05 05:49:07,203 - Knowledge - INFO - Split /app/data/T0015/329127/b993900/tr69hostif-329127/src/hostif/handlers/src/hostIf_MoCAClient_ReqHandler.cpp (83497 bytes) into 3 chunks of ~32KB
2026-03-05 05:49:07,235 - Knowledge - INFO - Fast-tracked /app/data/T0015/329127/b993900/tr69hostif-329127/src/hostif/profiles/IP/Device_IP_Diagnostics_IPPing.cpp (small file (3004 bytes))
2026-03-05 05:49:07,459 - Knowledge - INFO - Async storage completed for 6 embeddings
2026-03-05 05:49:14,242 - Knowledge - INFO - Async storage completed for 6 embeddings
2026-03-05 05:49:14,475 - Knowledge - WARNING - Timeout processing /app/data/T0015/329127/b993900/tr69hostif-329127/src/hostif/profiles/IP/Device_IP_Interface_Stats.h after 90s - using fallback metadata
2026-03-05 05:49:14,686 - Knowledge - WARNING - Timeout processing /app/data/T0015/329127/b993900/tr69hostif-329127/src/hostif/profiles/StorageService/Service_Storage_PhyMedium.cpp after 90s - using fallback metadata
2026-03-05 05:49:14,870 - Knowledge - WARNING - Timeout processing /app/data/T0015/329127/b993900/tr69hostif-329127/src/hostif/profiles/IP/Device_IP_Diagnostics_SpeedTest.cpp after 90s - using fallback metadata
2026-03-05 05:49:15,037 - Knowledge - WARNING - Timeout processing /app/data/T0015/329127/b993900/tr69hostif-329127/src/hostif/profiles/IP/Device_IP_Interface_IPv6Address.h after 90s - using fallback metadata
2026-03-05 05:49:15,212 - Knowledge - WARNING - Timeout processing /app/data/T0015/329127/b993900/tr69hostif-329127/src/hostif/profiles/IP/Device_IP_Diagnostics_DownloadDiagnostics.h after 90s - using fallback metadata
2026-03-05 05:49:15,483 - Knowledge - INFO - Processing batch of 5 files
2026-03-05 05:49:15,690 - Knowledge - INFO - process ingested knowledge for /app/data/T0015/329127/b993900/tr69hostif-329127/src/hostif/profiles/StorageService/Service_Storage_PhyMedium.cpp
2026-03-05 05:49:15,887 - Knowledge - INFO - process ingested knowledge for /app/data/T0015/329127/b993900/tr69hostif-329127/src/hostif/profiles/IP/Device_IP_Diagnostics_SpeedTest.cpp
2026-03-05 05:49:16,090 - Knowledge - INFO - process ingested knowledge for /app/data/T0015/329127/b993900/tr69hostif-329127/src/hostif/profiles/IP/Device_IP_Interface_IPv6Address.h
2026-03-05 05:49:16,359 - Knowledge - INFO - process ingested knowledge for /app/data/T0015/329127/b993900/tr69hostif-329127/src/hostif/profiles/IP/Device_IP_Diagnostics_DownloadDiagnostics.h
2026-03-05 05:49:16,655 - Knowledge - INFO - process ingested knowledge for /app/data/T0015/329127/b993900/tr69hostif-329127/src/hostif/profiles/IP/Device_IP_Interface_Stats.h
2026-03-05 05:49:18,767 - Knowledge - INFO - [LLM_CALL] Completed: Device_IP_Diagnostics_UDPEchoConfig.h:chunk1, Duration: 76010ms, PromptTokens: 3912, CompletionTokens: 401, Cost: $0.00055
2026-03-05 05:49:18,926 - Knowledge - INFO - done ingest for /app/data/T0015/329127/b993900/tr69hostif-329127/src/hostif/profiles/IP/Device_IP_Diagnostics_UDPEchoConfig.h
2026-03-05 05:49:18,930 - Knowledge - INFO - [kw14] Queue=66, InProgress=0, PendingWorkers=20/20, Completed=213/366 (58.2%)
2026-03-05 05:49:19,163 - Knowledge - WARNING - Timeout processing /app/data/T0015/329127/b993900/tr69hostif-329127/src/hostif/profiles/IP/Device_IP_Diagnostics_TraceRoute.h after 90s - using fallback metadata
2026-03-05 05:49:19,255 - Knowledge - INFO - Batch sizing: calculated=4, max_allowed=10, queue=66, active_workers=20/20
2026-03-05 05:49:19,354 - Knowledge - WARNING - Timeout processing /app/data/T0015/329127/b993900/tr69hostif-329127/src/hostif/profiles/IP/Device_IP_Diagnostics_TraceRoute_RouteHops.h after 90s - using fallback metadata
2026-03-05 05:49:19,453 - Knowledge - INFO - Async storing batch of 5 embeddings
2026-03-05 05:49:19,576 - Knowledge - WARNING - Timeout processing /app/data/T0015/329127/b993900/tr69hostif-329127/src/hostif/profiles/IP/Device_IP_Interface_IPv4Address.h after 90s - using fallback metadata
2026-03-05 05:49:19,670 - Knowledge - INFO - Worker kw14 processing /app/data/T0015/329127/b993900/tr69hostif-329127/src/hostif/handlers/src/hostIf_IARM_ReqHandler.cpp
2026-03-05 05:49:19,836 - Knowledge - INFO - Processing batch of 5 files
2026-03-05 05:49:19,882 - Knowledge - INFO - Worker kw14 processing /app/data/T0015/329127/b993900/tr69hostif-329127/src/hostif/handlers/src/gtest/handlers_test.cpp
2026-03-05 05:49:20,005 - Knowledge - INFO - process ingested knowledge for /app/data/T0015/329127/b993900/tr69hostif-329127/src/hostif/profiles/IP/Device_IP_Diagnostics_TraceRoute.h
2026-03-05 05:49:20,134 - Knowledge - INFO - Worker kw14 processing /app/data/T0015/329127/b993900/tr69hostif-329127/src/hostif/handlers/src/hostIf_rbus_Dml_Provider.cpp
2026-03-05 05:49:20,221 - Knowledge - INFO - process ingested knowledge for /app/data/T0015/329127/b993900/tr69hostif-329127/src/hostif/profiles/IP/Device_IP_Diagnostics_UDPEchoConfig.h
2026-03-05 05:49:20,321 - Knowledge - INFO - Worker kw14 processing /app/data/T0015/329127/b993900/tr69hostif-329127/src/hostif/handlers/src/hostIf_SNMPClient_ReqHandler.cpp
2026-03-05 05:49:20,432 - Knowledge - INFO - process ingested knowledge for /app/data/T0015/329127/b993900/tr69hostif-329127/src/hostif/profiles/IP/Device_IP_Diagnostics_TraceRoute_RouteHops.h
2026-03-05 05:49:20,640 - Knowledge - INFO - process ingested knowledge for /app/data/T0015/329127/b993900/tr69hostif-329127/src/hostif/profiles/IP/Device_IP_Interface_IPv4Address.h
2026-03-05 05:49:20,825 - Knowledge - INFO - process ingested knowledge for /app/data/T0015/329127/b993900/tr69hostif-329127/src/hostif/profiles/IP/Device_IP_Diagnostics_IPPing.cpp
2026-03-05 05:49:21,730 - Knowledge - INFO - [WEBSOCKET] Sent: Type=progress_update, Size: 292, Duration: 0ms
2026-03-05 05:49:21,961 - Knowledge - INFO - [WEBSOCKET] Sent: Type=unknown, Size: ?, Duration: 230ms
2026-03-05 05:49:22,194 - Knowledge - INFO - Progress: 59.6% | Files: 218/366 | Rate: 1.02 files/sec | Queue: 62
2026-03-05 05:49:22,391 - Knowledge - INFO - [kw3] Queue=62, InProgress=0, PendingWorkers=20/20, Completed=218/366 (59.6%)
2026-03-05 05:49:22,611 - Knowledge - INFO - Batch sizing: calculated=4, max_allowed=10, queue=62, active_workers=20/20
2026-03-05 05:49:22,852 - Knowledge - INFO - Async storing batch of 5 embeddings
2026-03-05 05:49:23,022 - Knowledge - INFO - Worker kw3 processing /app/data/T0015/329127/b993900/tr69hostif-329127/src/hostif/handlers/src/hostIf_sysScriptHandler.cpp
2026-03-05 05:49:23,239 - Knowledge - INFO - Fast-tracked /app/data/T0015/329127/b993900/tr69hostif-329127/src/hostif/handlers/src/hostIf_sysScriptHandler.cpp (ext=.cpp, size=1005)
2026-03-05 05:49:23,445 - Knowledge - INFO - Worker kw3 processing /app/data/T0015/329127/b993900/tr69hostif-329127/src/hostif/handlers/include/hostIf_SNMPClient_ReqHandler.h
2026-03-05 05:49:23,611 - Knowledge - INFO - Worker kw3 processing /app/data/T0015/329127/b993900/tr69hostif-329127/src/hostif/handlers/include/hostIf_rbus_Dml_Provider.h
2026-03-05 05:49:23,806 - Knowledge - INFO - Worker kw3 processing /app/data/T0015/329127/b993900/tr69hostif-329127/src/hostif/handlers/include/x_rdk_req_handler.h
2026-03-05 05:49:23,915 - Knowledge - INFO - Async storage completed for 6 embeddings
2026-03-05 05:49:23,993 - Knowledge - INFO - Fast-tracked /app/data/T0015/329127/b993900/tr69hostif-329127/src/hostif/handlers/include/hostIf_SNMPClient_ReqHandler.h (small file (3025 bytes))
2026-03-05 05:49:24,116 - Knowledge - INFO - Async storage completed for 6 embeddings
2026-03-05 05:49:24,126 - Knowledge - WARNING - Timeout processing /app/data/T0015/329127/b993900/tr69hostif-329127/src/hostif/profiles/StorageService/Service_Storage.h after 90s - using fallback metadata
2026-03-05 05:49:24,230 - Knowledge - INFO - Fast-tracked /app/data/T0015/329127/b993900/tr69hostif-329127/src/hostif/handlers/include/hostIf_rbus_Dml_Provider.h (small file (2094 bytes))
2026-03-05 05:49:24,379 - Knowledge - WARNING - Timeout processing /app/data/T0015/329127/b993900/tr69hostif-329127/src/hostif/profiles/IP/Device_IP_ActivePort.cpp after 90s - using fallback metadata
2026-03-05 05:49:24,483 - Knowledge - WARNING - Timeout processing /app/data/T0015/329127/b993900/tr69hostif-329127/src/hostif/profiles/STBService/Components_VideoOutput.h after 90s - using fallback metadata
2026-03-05 05:49:24,591 - Knowledge - INFO - Fast-tracked /app/data/T0015/329127/b993900/tr69hostif-329127/src/hostif/handlers/include/x_rdk_req_handler.h (small file (2330 bytes))
2026-03-05 05:49:24,703 - Knowledge - WARNING - Timeout processing /app/data/T0015/329127/b993900/tr69hostif-329127/src/hostif/profiles/IP/Device_IP.cpp after 90s - using fallback metadata
2026-03-05 05:49:24,827 - Knowledge - WARNING - Timeout processing /app/data/T0015/329127/b993900/tr69hostif-329127/src/hostif/profiles/STBService/Capabilities.cpp after 90s - using fallback metadata
2026-03-05 05:49:24,926 - Knowledge - INFO - Async storage completed for 5 embeddings
2026-03-05 05:49:25,006 - Knowledge - WARNING - Timeout processing /app/data/T0015/329127/b993900/tr69hostif-329127/src/hostif/profiles/IP/Device_IP_Interface.cpp after 90s - using fallback metadata
2026-03-05 05:49:25,098 - Knowledge - WARNING - Timeout processing /app/data/T0015/329127/b993900/tr69hostif-329127/src/hostif/profiles/StorageService/Service_Storage_PhyMedium.h after 90s - using fallback metadata
2026-03-05 05:49:25,240 - Knowledge - INFO - Processing batch of 4 files
2026-03-05 05:49:25,411 - Knowledge - WARNING - Timeout processing /app/data/T0015/329127/b993900/tr69hostif-329127/src/hostif/profiles/StorageService/Service_Storage.cpp after 90s - using fallback metadata
2026-03-05 05:49:25,536 - Knowledge - INFO - process ingested knowledge for /app/data/T0015/329127/b993900/tr69hostif-329127/src/hostif/handlers/src/hostIf_sysScriptHandler.cpp
2026-03-05 05:49:25,680 - Knowledge - INFO - Processing batch of 5 files
2026-03-05 05:49:25,772 - Knowledge - INFO - process ingested knowledge for /app/data/T0015/329127/b993900/tr69hostif-329127/src/hostif/handlers/include/hostIf_SNMPClient_ReqHandler.h
2026-03-05 05:49:25,863 - Knowledge - INFO - process ingested knowledge for /app/data/T0015/329127/b993900/tr69hostif-329127/src/hostif/profiles/STBService/Components_VideoOutput.h
2026-03-05 05:49:25,987 - Knowledge - INFO - process ingested knowledge for /app/data/T0015/329127/b993900/tr69hostif-329127/src/hostif/handlers/include/hostIf_rbus_Dml_Provider.h
2026-03-05 05:49:26,074 - Knowledge - INFO - process ingested knowledge for /app/data/T0015/329127/b993900/tr69hostif-329127/src/hostif/profiles/STBService/Capabilities.cpp
2026-03-05 05:49:26,151 - Knowledge - INFO - process ingested knowledge for /app/data/T0015/329127/b993900/tr69hostif-329127/src/hostif/handlers/include/x_rdk_req_handler.h
2026-03-05 05:49:26,261 - Knowledge - INFO - process ingested knowledge for /app/data/T0015/329127/b993900/tr69hostif-329127/src/hostif/profiles/StorageService/Service_Storage_PhyMedium.h
2026-03-05 05:49:26,523 - Knowledge - INFO - process ingested knowledge for /app/data/T0015/329127/b993900/tr69hostif-329127/src/hostif/profiles/StorageService/Service_Storage.cpp
2026-03-05 05:49:26,727 - Knowledge - INFO - process ingested knowledge for /app/data/T0015/329127/b993900/tr69hostif-329127/src/hostif/profiles/StorageService/Service_Storage.h
2026-03-05 05:49:26,749 - Knowledge - INFO - Async storage completed for 6 embeddings
2026-03-05 05:49:27,042 - Knowledge - WARNING - Timeout processing /app/data/T0015/329127/b993900/tr69hostif-329127/src/hostif/profiles/IP/Device_IP_Interface_Stats.cpp after 90s - using fallback metadata
2026-03-05 05:49:27,100 - Knowledge - INFO - [WEBSOCKET] Sent: Type=progress_update, Size: 293, Duration: 0ms
2026-03-05 05:49:27,152 - Knowledge - WARNING - Timeout processing /app/data/T0015/329127/b993900/tr69hostif-329127/src/hostif/profiles/IP/Device_IP_Interface_IPv6Address.cpp after 90s - using fallback metadata
2026-03-05 05:49:27,272 - Knowledge - WARNING - Timeout processing /app/data/T0015/329127/b993900/tr69hostif-329127/src/hostif/profiles/DHCPv4/Device_DHCPv4_Client.h after 90s - using fallback metadata
2026-03-05 05:49:27,325 - Knowledge - INFO - Async storage completed for 6 embeddings
2026-03-05 05:49:27,362 - Knowledge - INFO - [WEBSOCKET] Sent: Type=unknown, Size: ?, Duration: 263ms
2026-03-05 05:49:27,568 - Knowledge - WARNING - Timeout processing /app/data/T0015/329127/b993900/tr69hostif-329127/src/hostif/profiles/DHCPv4/Device_DHCPv4_Client.cpp after 90s - using fallback metadata
2026-03-05 05:49:27,681 - Knowledge - WARNING - Timeout processing /app/data/T0015/329127/b993900/tr69hostif-329127/src/hostif/profiles/STBService/Components_VideoDecoder.cpp after 90s - using fallback metadata
2026-03-05 05:49:27,747 - Knowledge - INFO - Progress: 62.0% | Files: 228/366 | Rate: 1.04 files/sec | Queue: 58
2026-03-05 05:49:27,750 - Knowledge - INFO - [kw11] Queue=58, InProgress=0, PendingWorkers=20/20, Completed=228/366 (62.3%)
2026-03-05 05:49:27,801 - Knowledge - INFO - Processing batch of 5 files
2026-03-05 05:49:27,934 - Knowledge - WARNING - Timeout processing /app/data/T0015/329127/b993900/tr69hostif-329127/src/hostif/profiles/STBService/Components_XrdkEMMC.cpp after 90s - using fallback metadata
2026-03-05 05:49:28,076 - Knowledge - INFO - [kw3] Queue=58, InProgress=0, PendingWorkers=20/20, Completed=232/366 (63.4%)
2026-03-05 05:49:28,150 - Knowledge - INFO - Batch sizing: calculated=4, max_allowed=10, queue=58, active_workers=20/20
2026-03-05 05:49:28,241 - Knowledge - INFO - process ingested knowledge for /app/data/T0015/329127/b993900/tr69hostif-329127/src/hostif/profiles/IP/Device_IP_ActivePort.cpp
2026-03-05 05:49:28,360 - Knowledge - WARNING - Timeout processing /app/data/T0015/329127/b993900/tr69hostif-329127/src/hostif/profiles/STBService/Components_AudioOutput.cpp after 90s - using fallback metadata
2026-03-05 05:49:28,448 - Knowledge - INFO - Batch sizing: calculated=4, max_allowed=10, queue=58, active_workers=20/20
2026-03-05 05:49:28,579 - Knowledge - INFO - Async storing batch of 5 embeddings
2026-03-05 05:49:28,668 - Knowledge - INFO - process ingested knowledge for /app/data/T0015/329127/b993900/tr69hostif-329127/src/hostif/profiles/IP/Device_IP.cpp
2026-03-05 05:49:28,760 - Knowledge - WARNING - Timeout processing /app/data/T0015/329127/b993900/tr69hostif-329127/src/hostif/profiles/STBService/Components_XrdkSDCard.h after 90s - using fallback metadata
2026-03-05 05:49:28,836 - Knowledge - INFO - Async storing batch of 4 embeddings
2026-03-05 05:49:28,927 - Knowledge - INFO - Worker kw11 processing /app/data/T0015/329127/b993900/tr69hostif-329127/src/hostif/handlers/include/hostIf_jsonReqHandler.h
2026-03-05 05:49:29,019 - Knowledge - INFO - process ingested knowledge for /app/data/T0015/329127/b993900/tr69hostif-329127/src/hostif/profiles/IP/Device_IP_Interface.cpp
2026-03-05 05:49:29,108 - Knowledge - WARNING - Timeout processing /app/data/T0015/329127/b993900/tr69hostif-329127/src/hostif/profiles/STBService/Components_HDMI.h after 90s - using fallback metadata
2026-03-05 05:49:29,206 - Knowledge - INFO - Worker kw3 processing /app/data/T0015/329127/b993900/tr69hostif-329127/src/hostif/handlers/include/hostIf_WiFi_ReqHandler.h
2026-03-05 05:49:29,319 - Knowledge - INFO - Worker kw11 processing /app/data/T0015/329127/b993900/tr69hostif-329127/src/hostif/handlers/include/hostIf_StorageSrvc_ReqHandler.h
2026-03-05 05:49:29,402 - Knowledge - INFO - process ingested knowledge for /app/data/T0015/329127/b993900/tr69hostif-329127/src/hostif/profiles/IP/Device_IP_Diagnostics_SpeedTest.h
2026-03-05 05:49:29,534 - Knowledge - INFO - Processing batch of 5 files
2026-03-05 05:49:29,577 - Knowledge - INFO - Worker kw3 processing /app/data/T0015/329127/b993900/tr69hostif-329127/src/hostif/handlers/include/hostIf_EthernetClient_ReqHandler.h
2026-03-05 05:49:29,675 - Knowledge - INFO - Worker kw11 processing /app/data/T0015/329127/b993900/tr69hostif-329127/src/hostif/handlers/include/hostIf_MoCAClient_ReqHandler.h
2026-03-05 05:49:29,764 - Knowledge - INFO - process ingested knowledge for /app/data/T0015/329127/b993900/tr69hostif-329127/src/hostif/profiles/IP/Device_IP_Interface_IPv6Address.cpp
2026-03-05 05:49:29,847 - Knowledge - INFO - process ingested knowledge for /app/data/T0015/329127/b993900/tr69hostif-329127/src/hostif/profiles/STBService/Components_XrdkEMMC.cpp
2026-03-05 05:49:29,937 - Knowledge - INFO - Worker kw3 processing /app/data/T0015/329127/b993900/tr69hostif-329127/src/hostif/handlers/include/hostIf_TimeClient_ReqHandler.h
2026-03-05 05:49:30,017 - Knowledge - INFO - Worker kw11 processing /app/data/T0015/329127/b993900/tr69hostif-329127/src/hostif/handlers/include/hostIf_DeviceClient_ReqHandler.h
2026-03-05 05:49:30,231 - Knowledge - INFO - process ingested knowledge for /app/data/T0015/329127/b993900/tr69hostif-329127/src/hostif/profiles/STBService/Components_AudioOutput.cpp
2026-03-05 05:49:30,338 - Knowledge - INFO - Worker kw3 processing /app/data/T0015/329127/b993900/tr69hostif-329127/src/hostif/handlers/include/hostIf_XREClient_ReqHandler.h
2026-03-05 05:49:30,771 - Knowledge - INFO - process ingested knowledge for /app/data/T0015/329127/b993900/tr69hostif-329127/src/hostif/profiles/STBService/Components_XrdkSDCard.h
2026-03-05 05:49:30,878 - Knowledge - INFO - Fast-tracked /app/data/T0015/329127/b993900/tr69hostif-329127/src/hostif/handlers/include/hostIf_WiFi_ReqHandler.h (small file (2696 bytes))
2026-03-05 05:49:30,977 - Knowledge - INFO - process ingested knowledge for /app/data/T0015/329127/b993900/tr69hostif-329127/src/hostif/profiles/STBService/Components_HDMI.h
2026-03-05 05:49:31,090 - Knowledge - WARNING - Timeout processing /app/data/T0015/329127/b993900/tr69hostif-329127/src/hostif/profiles/DHCPv4/gtest/gtest_dhcpv4.cpp after 90s - using fallback metadata
2026-03-05 05:49:31,124 - Knowledge - INFO - Fast-tracked /app/data/T0015/329127/b993900/tr69hostif-329127/src/hostif/handlers/include/hostIf_EthernetClient_ReqHandler.h (small file (2495 bytes))
2026-03-05 05:49:31,128 - Knowledge - INFO - [WEBSOCKET] Sent: Type=progress_update, Size: 292, Duration: 0ms
2026-03-05 05:49:31,209 - Knowledge - INFO - process ingested knowledge for /app/data/T0015/329127/b993900/tr69hostif-329127/src/hostif/profiles/STBService/Components_VideoDecoder.cpp
2026-03-05 05:49:31,424 - Knowledge - INFO - Fast-tracked /app/data/T0015/329127/b993900/tr69hostif-329127/src/hostif/handlers/include/hostIf_TimeClient_ReqHandler.h (small file (2390 bytes))
2026-03-05 05:49:31,541 - Knowledge - INFO - [WEBSOCKET] Sent: Type=unknown, Size: ?, Duration: 413ms
2026-03-05 05:49:31,752 - Knowledge - INFO - Fast-tracked /app/data/T0015/329127/b993900/tr69hostif-329127/src/hostif/handlers/include/hostIf_XREClient_ReqHandler.h (small file (2945 bytes))
2026-03-05 05:49:31,834 - Knowledge - INFO - Progress: 64.8% | Files: 238/366 | Rate: 1.07 files/sec | Queue: 50
2026-03-05 05:49:31,949 - Knowledge - INFO - Async storage completed for 4 embeddings
2026-03-05 05:49:32,004 - Knowledge - INFO - Processing batch of 5 files
2026-03-05 05:49:32,105 - Knowledge - INFO - [kw15] Queue=50, InProgress=0, PendingWorkers=20/20, Completed=242/366 (66.1%)
2026-03-05 05:49:32,287 - Knowledge - INFO - Processing batch of 4 files
2026-03-05 05:49:32,293 - Knowledge - INFO - process ingested knowledge for /app/data/T0015/329127/b993900/tr69hostif-329127/src/hostif/profiles/IP/Device_IP_Diagnostics_IPPing.h
2026-03-05 05:49:32,295 - Knowledge - INFO - [kw7] Queue=50, InProgress=0, PendingWorkers=20/20, Completed=246/366 (67.2%)
2026-03-05 05:49:32,384 - Knowledge - INFO - Batch sizing: calculated=4, max_allowed=10, queue=50, active_workers=20/20
2026-03-05 05:49:32,460 - Knowledge - INFO - process ingested knowledge for /app/data/T0015/329127/b993900/tr69hostif-329127/src/hostif/handlers/include/hostIf_WiFi_ReqHandler.h
2026-03-05 05:49:32,557 - Knowledge - INFO - process ingested knowledge for /app/data/T0015/329127/b993900/tr69hostif-329127/src/hostif/profiles/IP/Device_IP_Interface_Stats.cpp
2026-03-05 05:49:32,656 - Knowledge - INFO - Batch sizing: calculated=4, max_allowed=10, queue=50, active_workers=20/20
2026-03-05 05:49:32,751 - Knowledge - INFO - Async storing batch of 5 embeddings
2026-03-05 05:49:32,842 - Knowledge - INFO - process ingested knowledge for /app/data/T0015/329127/b993900/tr69hostif-329127/src/hostif/handlers/include/hostIf_EthernetClient_ReqHandler.h
2026-03-05 05:49:32,942 - Knowledge - INFO - process ingested knowledge for /app/data/T0015/329127/b993900/tr69hostif-329127/src/hostif/profiles/DHCPv4/Device_DHCPv4_Client.h
2026-03-05 05:49:33,031 - Knowledge - INFO - Async storing batch of 5 embeddings
2026-03-05 05:49:33,165 - Knowledge - INFO - Worker kw15 processing /app/data/T0015/329127/b993900/tr69hostif-329127/src/hostif/handlers/include/hostIf_InterfaceStackClient_ReqHandler.h
2026-03-05 05:49:33,251 - Knowledge - INFO - process ingested knowledge for /app/data/T0015/329127/b993900/tr69hostif-329127/src/hostif/handlers/include/hostIf_TimeClient_ReqHandler.h
2026-03-05 05:49:33,378 - Knowledge - INFO - process ingested knowledge for /app/data/T0015/329127/b993900/tr69hostif-329127/src/hostif/profiles/DHCPv4/Device_DHCPv4_Client.cpp
2026-03-05 05:49:33,493 - Knowledge - INFO - Worker kw7 processing /app/data/T0015/329127/b993900/tr69hostif-329127/src/hostif/handlers/include/hostIf_msgHandler.h
2026-03-05 05:49:33,610 - Knowledge - INFO - Worker kw15 processing /app/data/T0015/329127/b993900/tr69hostif-329127/src/hostif/handlers/include/hostIf_dsClient_ReqHandler.h
2026-03-05 05:49:33,732 - Knowledge - INFO - process ingested knowledge for /app/data/T0015/329127/b993900/tr69hostif-329127/src/hostif/handlers/include/hostIf_XREClient_ReqHandler.h
2026-03-05 05:49:33,808 - Knowledge - INFO - process ingested knowledge for /app/data/T0015/329127/b993900/tr69hostif-329127/src/hostif/profiles/DHCPv4/gtest/gtest_dhcpv4.cpp
2026-03-05 05:49:33,939 - Knowledge - INFO - Worker kw7 processing /app/data/T0015/329127/b993900/tr69hostif-329127/src/hostif/handlers/include/hostIf_IPClient_ReqHandler.h
2026-03-05 05:49:34,051 - Knowledge - INFO - Worker kw15 processing /app/data/T0015/329127/b993900/tr69hostif-329127/src/hostif/handlers/include/hostIf_updateHandler.h
2026-03-05 05:49:34,370 - Knowledge - INFO - Worker kw7 processing /app/data/T0015/329127/b993900/tr69hostif-329127/src/hostif/handlers/include/hostIf_XrdkCentralT2_ReqHandler.h
2026-03-05 05:49:34,499 - Knowledge - INFO - Fast-tracked /app/data/T0015/329127/b993900/tr69hostif-329127/src/hostif/handlers/include/hostIf_updateHandler.h (ext=.h, size=1706)
2026-03-05 05:49:34,585 - Knowledge - INFO - Worker kw7 processing /app/data/T0015/329127/b993900/tr69hostif-329127/src/hostif/handlers/include/hostIf_DHCPv4Client_ReqHandler.h
2026-03-05 05:49:34,676 - Knowledge - INFO - Worker kw15 processing /app/data/T0015/329127/b993900/tr69hostif-329127/src/hostif/handlers/include/hostIf_NotificationHandler.h
2026-03-05 05:49:34,821 - Knowledge - INFO - [WEBSOCKET] Sent: Type=progress_update, Size: 291, Duration: 0ms
2026-03-05 05:49:34,912 - Knowledge - INFO - Fast-tracked /app/data/T0015/329127/b993900/tr69hostif-329127/src/hostif/handlers/include/hostIf_NotificationHandler.h (ext=.h, size=1933)
2026-03-05 05:49:35,056 - Knowledge - INFO - [kw16] Queue=42, InProgress=0, PendingWorkers=20/20, Completed=246/366 (67.2%)
2026-03-05 05:49:35,059 - Knowledge - INFO - [WEBSOCKET] Sent: Type=unknown, Size: ?, Duration: 238ms
2026-03-05 05:49:35,169 - Knowledge - INFO - Fast-tracked /app/data/T0015/329127/b993900/tr69hostif-329127/src/hostif/handlers/include/hostIf_InterfaceStackClient_ReqHandler.h (small file (2847 bytes))
2026-03-05 05:49:35,256 - Knowledge - INFO - Batch sizing: calculated=4, max_allowed=10, queue=42, active_workers=20/20
2026-03-05 05:49:35,388 - Knowledge - INFO - Progress: 67.2% | Files: 246/366 | Rate: 1.08 files/sec | Queue: 42
2026-03-05 05:49:35,389 - Knowledge - INFO - Async storage completed for 6 embeddings
2026-03-05 05:49:35,481 - Knowledge - INFO - Fast-tracked /app/data/T0015/329127/b993900/tr69hostif-329127/src/hostif/handlers/include/hostIf_dsClient_ReqHandler.h (small file (2463 bytes))
2026-03-05 05:49:35,571 - Knowledge - INFO - Async storing batch of 5 embeddings
2026-03-05 05:49:35,721 - Knowledge - INFO - [kw3] Queue=38, InProgress=0, PendingWorkers=20/20, Completed=246/366 (67.2%)
2026-03-05 05:49:35,842 - Knowledge - WARNING - Timeout processing /app/data/T0015/329127/b993900/tr69hostif-329127/src/hostif/profiles/IP/Device_IP_ActivePort.h after 90s - using fallback metadata
2026-03-05 05:49:35,914 - Knowledge - INFO - Async storage completed for 5 embeddings
2026-03-05 05:49:36,076 - Knowledge - INFO - Worker kw16 processing /app/data/T0015/329127/b993900/tr69hostif-329127/src/hostif/parodusClient/startParodus/startParodus_spport.cpp
2026-03-05 05:49:36,193 - Knowledge - INFO - Batch sizing: calculated=4, max_allowed=10, queue=38, active_workers=20/20
2026-03-05 05:49:36,279 - Knowledge - WARNING - Timeout processing /app/data/T0015/329127/b993900/tr69hostif-329127/src/hostif/profiles/IP/Device_IP.h after 90s - using fallback metadata
2026-03-05 05:49:36,400 - Knowledge - INFO - Processing batch of 4 files
2026-03-05 05:49:36,445 - Knowledge - INFO - Fast-tracked /app/data/T0015/329127/b993900/tr69hostif-329127/src/hostif/parodusClient/startParodus/startParodus_spport.cpp (ext=.cpp, size=828)
2026-03-05 05:49:36,546 - Knowledge - INFO - Async storing batch of 4 embeddings
2026-03-05 05:49:36,675 - Knowledge - WARNING - Timeout processing /app/data/T0015/329127/b993900/tr69hostif-329127/src/hostif/profiles/IP/Device_IP_Interface.h after 90s - using fallback metadata
2026-03-05 05:49:36,766 - Knowledge - INFO - process ingested knowledge for /app/data/T0015/329127/b993900/tr69hostif-329127/src/hostif/handlers/include/hostIf_InterfaceStackClient_ReqHandler.h
2026-03-05 05:49:36,853 - Knowledge - INFO - Worker kw16 processing /app/data/T0015/329127/b993900/tr69hostif-329127/src/hostif/parodusClient/startParodus/startParodus.h
2026-03-05 05:49:36,970 - Knowledge - INFO - Worker kw3 processing /app/data/T0015/329127/b993900/tr69hostif-329127/src/hostif/parodusClient/waldb/data-model/data-model-tv.xml
2026-03-05 05:49:37,096 - Knowledge - WARNING - Timeout processing /app/data/T0015/329127/b993900/tr69hostif-329127/src/hostif/profiles/IP/Device_IP_Interface_IPv4Address.cpp after 90s - using fallback metadata
2026-03-05 05:49:37,227 - Knowledge - INFO - process ingested knowledge for /app/data/T0015/329127/b993900/tr69hostif-329127/src/hostif/handlers/include/hostIf_dsClient_ReqHandler.h
2026-03-05 05:49:37,356 - Knowledge - INFO - Fast-tracked /app/data/T0015/329127/b993900/tr69hostif-329127/src/hostif/parodusClient/startParodus/startParodus.h (ext=.h, size=984)
2026-03-05 05:49:37,443 - Knowledge - INFO - Fast-tracked /app/data/T0015/329127/b993900/tr69hostif-329127/src/hostif/parodusClient/waldb/data-model/data-model-tv.xml (ext=.xml, size=19967)
2026-03-05 05:49:37,524 - Knowledge - WARNING - Timeout processing /app/data/T0015/329127/b993900/tr69hostif-329127/src/hostif/profiles/IP/Device_IP_Diagnostics_UploadDiagnostics.h after 90s - using fallback metadata
2026-03-05 05:49:37,605 - Knowledge - INFO - process ingested knowledge for /app/data/T0015/329127/b993900/tr69hostif-329127/src/hostif/handlers/include/hostIf_updateHandler.h
2026-03-05 05:49:37,696 - Knowledge - INFO - Worker kw16 processing /app/data/T0015/329127/b993900/tr69hostif-329127/src/hostif/parodusClient/startParodus/startParodus.cpp
2026-03-05 05:49:37,788 - Knowledge - INFO - Worker kw3 processing /app/data/T0015/329127/b993900/tr69hostif-329127/src/hostif/parodusClient/waldb/data-model/data-model-generic.xml
2026-03-05 05:49:37,933 - Knowledge - INFO - Processing batch of 5 files
2026-03-05 05:49:37,970 - Knowledge - INFO - process ingested knowledge for /app/data/T0015/329127/b993900/tr69hostif-329127/src/hostif/handlers/include/hostIf_NotificationHandler.h
2026-03-05 05:49:38,058 - Knowledge - INFO - Worker kw16 processing /app/data/T0015/329127/b993900/tr69hostif-329127/src/hostif/parodusClient/waldb/waldb.h
2026-03-05 05:49:38,142 - Knowledge - INFO - Fast-tracked /app/data/T0015/329127/b993900/tr69hostif-329127/src/hostif/parodusClient/waldb/data-model/data-model-generic.xml (ext=.xml, size=178089)
2026-03-05 05:49:38,234 - Knowledge - INFO - process ingested knowledge for /app/data/T0015/329127/b993900/tr69hostif-329127/src/hostif/profiles/IP/Device_IP_ActivePort.h
2026-03-05 05:49:38,566 - Knowledge - INFO - Worker kw3 processing /app/data/T0015/329127/b993900/tr69hostif-329127/src/hostif/parodusClient/waldb/data-model/data-model-stb.xml
2026-03-05 05:49:38,669 - Knowledge - INFO - process ingested knowledge for /app/data/T0015/329127/b993900/tr69hostif-329127/src/hostif/profiles/IP/Device_IP.h
2026-03-05 05:49:38,701 - Knowledge - INFO - Async storage completed for 5 embeddings
2026-03-05 05:49:38,791 - Knowledge - INFO - Fast-tracked /app/data/T0015/329127/b993900/tr69hostif-329127/src/hostif/parodusClient/waldb/data-model/data-model-stb.xml (ext=.xml, size=19615)
2026-03-05 05:49:38,825 - Knowledge - INFO - [WEBSOCKET] Sent: Type=progress_update, Size: 293, Duration: 0ms
2026-03-05 05:49:38,896 - Knowledge - INFO - process ingested knowledge for /app/data/T0015/329127/b993900/tr69hostif-329127/src/hostif/profiles/IP/Device_IP_Interface.h
2026-03-05 05:49:39,114 - Knowledge - INFO - Worker kw3 processing /app/data/T0015/329127/b993900/tr69hostif-329127/src/hostif/parodusClient/waldb/snmp-data-model.xml
2026-03-05 05:49:39,211 - Knowledge - INFO - [WEBSOCKET] Sent: Type=unknown, Size: ?, Duration: 386ms
2026-03-05 05:49:39,293 - Knowledge - INFO - process ingested knowledge for /app/data/T0015/329127/b993900/tr69hostif-329127/src/hostif/profiles/IP/Device_IP_Interface_IPv4Address.cpp
2026-03-05 05:49:39,380 - Knowledge - INFO - Fast-tracked /app/data/T0015/329127/b993900/tr69hostif-329127/src/hostif/parodusClient/waldb/snmp-data-model.xml (ext=.xml, size=4519)
2026-03-05 05:49:39,475 - Knowledge - INFO - Progress: 69.7% | Files: 255/366 | Rate: 1.10 files/sec | Queue: 34
2026-03-05 05:49:39,566 - Knowledge - INFO - process ingested knowledge for /app/data/T0015/329127/b993900/tr69hostif-329127/src/hostif/profiles/IP/Device_IP_Diagnostics_UploadDiagnostics.h
2026-03-05 05:49:39,668 - Knowledge - INFO - Async storage completed for 4 embeddings
2026-03-05 05:49:39,761 - Knowledge - INFO - [kw15] Queue=34, InProgress=0, PendingWorkers=20/20, Completed=255/366 (69.7%)
2026-03-05 05:49:39,944 - Knowledge - INFO - Processing batch of 4 files
2026-03-05 05:49:40,032 - Knowledge - INFO - Batch sizing: calculated=4, max_allowed=10, queue=34, active_workers=20/20
2026-03-05 05:49:40,127 - Knowledge - INFO - process ingested knowledge for /app/data/T0015/329127/b993900/tr69hostif-329127/src/hostif/parodusClient/waldb/data-model/data-model-tv.xml
2026-03-05 05:49:40,226 - Knowledge - INFO - Async storing batch of 4 embeddings
2026-03-05 05:49:40,339 - Knowledge - INFO - process ingested knowledge for /app/data/T0015/329127/b993900/tr69hostif-329127/src/hostif/parodusClient/waldb/data-model/data-model-generic.xml
2026-03-05 05:49:40,441 - Knowledge - INFO - Worker kw15 processing /app/data/T0015/329127/b993900/tr69hostif-329127/src/hostif/parodusClient/waldb/data-model-generic.xml
2026-03-05 05:49:40,546 - Knowledge - INFO - [kw10] Queue=30, InProgress=0, PendingWorkers=20/20, Completed=259/366 (70.8%)
2026-03-05 05:49:40,575 - Knowledge - INFO - process ingested knowledge for /app/data/T0015/329127/b993900/tr69hostif-329127/src/hostif/parodusClient/waldb/data-model/data-model-stb.xml
2026-03-05 05:49:40,663 - Knowledge - INFO - Fast-tracked /app/data/T0015/329127/b993900/tr69hostif-329127/src/hostif/parodusClient/waldb/data-model-generic.xml (ext=.xml, size=25884)
2026-03-05 05:49:40,743 - Knowledge - INFO - Batch sizing: calculated=4, max_allowed=10, queue=30, active_workers=20/20
2026-03-05 05:49:40,924 - Knowledge - INFO - process ingested knowledge for /app/data/T0015/329127/b993900/tr69hostif-329127/src/hostif/parodusClient/waldb/snmp-data-model.xml
2026-03-05 05:49:41,032 - Knowledge - INFO - Worker kw15 processing /app/data/T0015/329127/b993900/tr69hostif-329127/src/hostif/parodusClient/waldb/waldb.cpp
2026-03-05 05:49:41,145 - Knowledge - INFO - Async storing batch of 5 embeddings
2026-03-05 05:49:41,351 - Knowledge - INFO - Worker kw15 processing /app/data/T0015/329127/b993900/tr69hostif-329127/src/hostif/parodusClient/conf/webpa_cfg.json
2026-03-05 05:49:41,473 - Knowledge - INFO - Worker kw10 processing /app/data/T0015/329127/b993900/tr69hostif-329127/src/hostif/parodusClient/pal/webpa_parameter.cpp
2026-03-05 05:49:41,597 - Knowledge - INFO - Fast-tracked /app/data/T0015/329127/b993900/tr69hostif-329127/src/hostif/parodusClient/conf/webpa_cfg.json (ext=.json, size=288)
2026-03-05 05:49:41,689 - Knowledge - INFO - Worker kw10 processing /app/data/T0015/329127/b993900/tr69hostif-329127/src/hostif/parodusClient/pal/webpa_adapter.cpp
2026-03-05 05:49:41,739 - Knowledge - INFO - [kw3] Queue=26, InProgress=0, PendingWorkers=20/20, Completed=259/366 (70.8%)
2026-03-05 05:49:41,775 - Knowledge - INFO - Worker kw15 processing /app/data/T0015/329127/b993900/tr69hostif-329127/src/hostif/parodusClient/conf/notify_webpa_cfg.json
2026-03-05 05:49:41,889 - Knowledge - INFO - Worker kw10 processing /app/data/T0015/329127/b993900/tr69hostif-329127/src/hostif/parodusClient/pal/webpa_attribute.h
2026-03-05 05:49:41,969 - Knowledge - INFO - Batch sizing: calculated=4, max_allowed=10, queue=26, active_workers=20/20
2026-03-05 05:49:42,062 - Knowledge - INFO - Fast-tracked /app/data/T0015/329127/b993900/tr69hostif-329127/src/hostif/parodusClient/conf/notify_webpa_cfg.json (ext=.json, size=27)
2026-03-05 05:49:42,180 - Knowledge - INFO - Fast-tracked /app/data/T0015/329127/b993900/tr69hostif-329127/src/hostif/parodusClient/pal/webpa_attribute.h (ext=.h, size=1826)
2026-03-05 05:49:42,264 - Knowledge - INFO - Async storing batch of 4 embeddings
2026-03-05 05:49:42,460 - Knowledge - INFO - Worker kw10 processing /app/data/T0015/329127/b993900/tr69hostif-329127/src/hostif/parodusClient/pal/libpd.cpp
2026-03-05 05:49:42,557 - Knowledge - INFO - Worker kw3 processing /app/data/T0015/329127/b993900/tr69hostif-329127/src/hostif/parodusClient/pal/webpa_notification.cpp
2026-03-05 05:49:42,871 - Knowledge - INFO - Worker kw3 processing /app/data/T0015/329127/b993900/tr69hostif-329127/src/hostif/parodusClient/pal/libpd.h
2026-03-05 05:49:43,127 - Knowledge - INFO - Fast-tracked /app/data/T0015/329127/b993900/tr69hostif-329127/src/hostif/parodusClient/pal/libpd.h (ext=.h, size=1354)
2026-03-05 05:49:43,300 - Knowledge - INFO - Worker kw3 processing /app/data/T0015/329127/b993900/tr69hostif-329127/src/hostif/parodusClient/pal/webpa_parameter.h
2026-03-05 05:49:43,508 - Knowledge - INFO - Worker kw3 processing /app/data/T0015/329127/b993900/tr69hostif-329127/src/hostif/parodusClient/pal/webpa_adapter.h
2026-03-05 05:49:43,739 - Knowledge - INFO - Fast-tracked /app/data/T0015/329127/b993900/tr69hostif-329127/src/hostif/handlers/include/hostIf_StorageSrvc_ReqHandler.h (small file (2488 bytes))
2026-03-05 05:49:43,958 - Knowledge - INFO - Fast-tracked /app/data/T0015/329127/b993900/tr69hostif-329127/src/hostif/handlers/include/hostIf_MoCAClient_ReqHandler.h (small file (2463 bytes))
2026-03-05 05:49:45,754 - Knowledge - INFO - Async storage completed for 6 embeddings
2026-03-05 05:49:46,823 - Knowledge - WARNING - Timeout processing /app/data/T0015/329127/b993900/tr69hostif-329127/src/hostif/profiles/Time/Device_Time.cpp after 90s - using fallback metadata
2026-03-05 05:49:46,973 - Knowledge - INFO - [LLM_CALL] Completed: Device_WiFi_EndPoint_Profile.cpp:chunk1, Duration: 35592ms, PromptTokens: 2898, CompletionTokens: 870, Cost: $0.00064
2026-03-05 05:49:47,068 - Knowledge - WARNING - Timeout processing /app/data/T0015/329127/b993900/tr69hostif-329127/src/hostif/profiles/Ethernet/gtest/gtest_ethernet.cpp after 90s - using fallback metadata
2026-03-05 05:49:47,188 - Knowledge - INFO - done ingest for /app/data/T0015/329127/b993900/tr69hostif-329127/src/hostif/profiles/wifi/Device_WiFi_EndPoint_Profile.cpp
2026-03-05 05:49:47,284 - Knowledge - WARNING - Timeout processing /app/data/T0015/329127/b993900/tr69hostif-329127/src/hostif/profiles/Ethernet/Device_Ethernet_Interface.cpp after 90s - using fallback metadata
2026-03-05 05:49:47,560 - Knowledge - WARNING - Timeout processing /app/data/T0015/329127/b993900/tr69hostif-329127/src/hostif/profiles/Time/Device_Time.h after 90s - using fallback metadata
2026-03-05 05:49:47,938 - Knowledge - WARNING - Timeout processing /app/data/T0015/329127/b993900/tr69hostif-329127/src/hostif/profiles/Time/gtest/gtest_time.cpp after 90s - using fallback metadata
2026-03-05 05:49:48,374 - Knowledge - INFO - Fast-tracked /app/data/T0015/329127/b993900/tr69hostif-329127/src/hostif/handlers/include/hostIf_IPClient_ReqHandler.h (small file (2730 bytes))
2026-03-05 05:49:48,631 - Knowledge - INFO - Fast-tracked /app/data/T0015/329127/b993900/tr69hostif-329127/src/hostif/handlers/include/hostIf_XrdkCentralT2_ReqHandler.h (small file (2030 bytes))
2026-03-05 05:49:48,908 - Knowledge - INFO - Fast-tracked /app/data/T0015/329127/b993900/tr69hostif-329127/src/hostif/handlers/include/hostIf_DHCPv4Client_ReqHandler.h (small file (2675 bytes))
2026-03-05 05:49:49,120 - Knowledge - INFO - Async storage completed for 5 embeddings
2026-03-05 05:49:49,151 - Knowledge - INFO - Processing batch of 5 files
2026-03-05 05:49:49,187 - Knowledge - INFO - [LLM_CALL] Completed: Device_WiFi_EndPoint_Profile_Security.h:chunk1, Duration: 54146ms, PromptTokens: 3196, CompletionTokens: 543, Cost: $0.00054
2026-03-05 05:49:49,391 - Knowledge - INFO - process ingested knowledge for /app/data/T0015/329127/b993900/tr69hostif-329127/src/hostif/profiles/Ethernet/gtest/gtest_ethernet.cpp
2026-03-05 05:49:49,488 - Knowledge - INFO - done ingest for /app/data/T0015/329127/b993900/tr69hostif-329127/src/hostif/profiles/wifi/Device_WiFi_EndPoint_Profile_Security.h
2026-03-05 05:49:49,606 - Knowledge - INFO - process ingested knowledge for /app/data/T0015/329127/b993900/tr69hostif-329127/src/hostif/profiles/Ethernet/Device_Ethernet_Interface.cpp
2026-03-05 05:49:49,838 - Knowledge - INFO - process ingested knowledge for /app/data/T0015/329127/b993900/tr69hostif-329127/src/hostif/profiles/Time/Device_Time.h
2026-03-05 05:49:50,125 - Knowledge - INFO - process ingested knowledge for /app/data/T0015/329127/b993900/tr69hostif-329127/src/hostif/profiles/Time/gtest/gtest_time.cpp
2026-03-05 05:49:50,325 - Knowledge - INFO - process ingested knowledge for /app/data/T0015/329127/b993900/tr69hostif-329127/src/hostif/profiles/Time/Device_Time.cpp
2026-03-05 05:49:50,404 - Knowledge - INFO - [LLM_CALL] Completed: Device_WiFi.cpp:chunk1, Duration: 24412ms, PromptTokens: 8924, CompletionTokens: 1162, Cost: $0.00136
2026-03-05 05:49:50,618 - Knowledge - INFO - done ingest for /app/data/T0015/329127/b993900/tr69hostif-329127/src/hostif/profiles/wifi/Device_WiFi.cpp
2026-03-05 05:49:50,858 - Knowledge - INFO - Processing batch of 4 files
2026-03-05 05:49:51,099 - Knowledge - INFO - process ingested knowledge for /app/data/T0015/329127/b993900/tr69hostif-329127/src/hostif/profiles/wifi/Device_WiFi_EndPoint_Security.h
2026-03-05 05:49:51,149 - Knowledge - INFO - [WEBSOCKET] Sent: Type=progress_update, Size: 293, Duration: 0ms
2026-03-05 05:49:51,269 - Knowledge - INFO - process ingested knowledge for /app/data/T0015/329127/b993900/tr69hostif-329127/src/hostif/profiles/wifi/Device_WiFi_EndPoint_Profile_Security.h
2026-03-05 05:49:51,399 - Knowledge - INFO - [WEBSOCKET] Sent: Type=unknown, Size: ?, Duration: 250ms
2026-03-05 05:49:51,525 - Knowledge - INFO - process ingested knowledge for /app/data/T0015/329127/b993900/tr69hostif-329127/src/hostif/profiles/wifi/Device_WiFi_EndPoint_Profile.cpp
2026-03-05 05:49:51,620 - Knowledge - INFO - Progress: 73.2% | Files: 268/366 | Rate: 1.10 files/sec | Queue: 22
2026-03-05 05:49:51,710 - Knowledge - INFO - process ingested knowledge for /app/data/T0015/329127/b993900/tr69hostif-329127/src/hostif/profiles/wifi/Device_WiFi.cpp
2026-03-05 05:49:51,845 - Knowledge - INFO - [kw9] Queue=22, InProgress=0, PendingWorkers=20/20, Completed=268/366 (73.2%)
2026-03-05 05:49:52,086 - Knowledge - INFO - Batch sizing: calculated=4, max_allowed=10, queue=22, active_workers=20/20
2026-03-05 05:49:52,256 - Knowledge - INFO - Async storing batch of 5 embeddings
2026-03-05 05:49:52,376 - Knowledge - INFO - [kw6] Queue=18, InProgress=0, PendingWorkers=20/20, Completed=268/366 (73.2%)
2026-03-05 05:49:52,443 - Knowledge - INFO - Worker kw9 processing /app/data/T0015/329127/b993900/tr69hostif-329127/src/hostif/parodusClient/pal/mock-parodus/mock_parodus_build.sh
2026-03-05 05:49:52,559 - Knowledge - INFO - Batch sizing: calculated=4, max_allowed=10, queue=18, active_workers=20/20
2026-03-05 05:49:52,671 - Knowledge - INFO - Fast-tracked /app/data/T0015/329127/b993900/tr69hostif-329127/src/hostif/parodusClient/pal/mock-parodus/mock_parodus_build.sh (ext=.sh, size=146)
2026-03-05 05:49:52,776 - Knowledge - INFO - Async storage completed for 6 embeddings
2026-03-05 05:49:52,780 - Knowledge - INFO - Async storing batch of 4 embeddings
2026-03-05 05:49:52,897 - Knowledge - INFO - Worker kw9 processing /app/data/T0015/329127/b993900/tr69hostif-329127/src/hostif/parodusClient/pal/mock-parodus/parodus.cpp
2026-03-05 05:49:53,236 - Knowledge - INFO - Worker kw6 processing /app/data/T0015/329127/b993900/tr69hostif-329127/src/hostif/parodusClient/gtest/dm_test.cpp
2026-03-05 05:49:53,305 - Knowledge - WARNING - Timeout processing /app/data/T0015/329127/b993900/tr69hostif-329127/src/hostif/profiles/Ethernet/Device_Ethernet_Interface_Stats.cpp after 90s - using fallback metadata
2026-03-05 05:49:53,364 - Knowledge - INFO - Fast-tracked /app/data/T0015/329127/b993900/tr69hostif-329127/src/hostif/parodusClient/pal/mock-parodus/parodus.cpp (ext=.cpp, size=1541)
2026-03-05 05:49:53,592 - Knowledge - WARNING - Timeout processing /app/data/T0015/329127/b993900/tr69hostif-329127/src/hostif/profiles/InterfaceStack/Device_InterfaceStack.h after 90s - using fallback metadata
2026-03-05 05:49:53,598 - Knowledge - INFO - Worker kw6 processing /app/data/T0015/329127/b993900/tr69hostif-329127/src/hostif/httpserver/src/XrdkCentralComRFCVar.cpp
2026-03-05 05:49:53,723 - Knowledge - INFO - Worker kw9 processing /app/data/T0015/329127/b993900/tr69hostif-329127/src/hostif/parodusClient/pal/webpa_attribute.cpp
2026-03-05 05:49:53,871 - Knowledge - WARNING - Timeout processing /app/data/T0015/329127/b993900/tr69hostif-329127/src/hostif/profiles/InterfaceStack/Device_InterfaceStack.cpp after 90s - using fallback metadata
2026-03-05 05:49:54,002 - Knowledge - INFO - Worker kw6 processing /app/data/T0015/329127/b993900/tr69hostif-329127/src/hostif/httpserver/src/http_server.cpp
2026-03-05 05:49:54,106 - Knowledge - INFO - Worker kw9 processing /app/data/T0015/329127/b993900/tr69hostif-329127/src/hostif/parodusClient/pal/webpa_notification.h
2026-03-05 05:49:54,196 - Knowledge - WARNING - Timeout processing /app/data/T0015/329127/b993900/tr69hostif-329127/src/hostif/profiles/Ethernet/Device_Ethernet_Interface.h after 90s - using fallback metadata
2026-03-05 05:49:54,295 - Knowledge - INFO - Worker kw6 processing /app/data/T0015/329127/b993900/tr69hostif-329127/src/hostif/httpserver/src/gtest/gtest_httpserver.cpp
2026-03-05 05:49:54,518 - Knowledge - WARNING - Timeout processing /app/data/T0015/329127/b993900/tr69hostif-329127/src/hostif/profiles/Ethernet/Device_Ethernet_Interface_Stats.h after 90s - using fallback metadata
2026-03-05 05:49:54,908 - Knowledge - INFO - [LLM_CALL] Completed: hostIf_msgHandler.h:chunk1, Duration: 20102ms, PromptTokens: 3340, CompletionTokens: 660, Cost: $0.00060
2026-03-05 05:49:55,132 - Knowledge - INFO - done ingest for /app/data/T0015/329127/b993900/tr69hostif-329127/src/hostif/handlers/include/hostIf_msgHandler.h
2026-03-05 05:49:55,133 - Knowledge - INFO - Processing batch of 5 files
2026-03-05 05:49:55,362 - Knowledge - INFO - Processing batch of 4 files
2026-03-05 05:49:55,419 - Knowledge - INFO - process ingested knowledge for /app/data/T0015/329127/b993900/tr69hostif-329127/src/hostif/profiles/InterfaceStack/Device_InterfaceStack.h
2026-03-05 05:49:55,577 - Knowledge - INFO - process ingested knowledge for /app/data/T0015/329127/b993900/tr69hostif-329127/src/hostif/handlers/include/hostIf_msgHandler.h
2026-03-05 05:49:55,669 - Knowledge - INFO - process ingested knowledge for /app/data/T0015/329127/b993900/tr69hostif-329127/src/hostif/profiles/InterfaceStack/Device_InterfaceStack.cpp
2026-03-05 05:49:55,748 - Knowledge - INFO - process ingested knowledge for /app/data/T0015/329127/b993900/tr69hostif-329127/src/hostif/handlers/include/hostIf_IPClient_ReqHandler.h
2026-03-05 05:49:55,879 - Knowledge - INFO - process ingested knowledge for /app/data/T0015/329127/b993900/tr69hostif-329127/src/hostif/profiles/Ethernet/Device_Ethernet_Interface.h
2026-03-05 05:49:56,000 - Knowledge - INFO - process ingested knowledge for /app/data/T0015/329127/b993900/tr69hostif-329127/src/hostif/handlers/include/hostIf_XrdkCentralT2_ReqHandler.h
2026-03-05 05:49:56,130 - Knowledge - INFO - process ingested knowledge for /app/data/T0015/329127/b993900/tr69hostif-329127/src/hostif/profiles/Ethernet/Device_Ethernet_Interface_Stats.h
2026-03-05 05:49:56,215 - Knowledge - INFO - process ingested knowledge for /app/data/T0015/329127/b993900/tr69hostif-329127/src/hostif/handlers/include/hostIf_DHCPv4Client_ReqHandler.h
2026-03-05 05:49:56,333 - Knowledge - INFO - process ingested knowledge for /app/data/T0015/329127/b993900/tr69hostif-329127/src/hostif/profiles/Ethernet/Device_Ethernet_Interface_Stats.cpp
2026-03-05 05:49:57,176 - Knowledge - INFO - [WEBSOCKET] Sent: Type=progress_update, Size: 293, Duration: 0ms
2026-03-05 05:49:57,397 - Knowledge - INFO - [kw12] Queue=14, InProgress=0, PendingWorkers=20/20, Completed=277/366 (75.7%)
2026-03-05 05:49:57,397 - Knowledge - INFO - [WEBSOCKET] Sent: Type=unknown, Size: ?, Duration: 221ms
2026-03-05 05:49:57,589 - Knowledge - INFO - Batch sizing: calculated=4, max_allowed=10, queue=14, active_workers=20/20
2026-03-05 05:49:57,690 - Knowledge - INFO - Progress: 75.7% | Files: 277/366 | Rate: 1.11 files/sec | Queue: 14
2026-03-05 05:49:57,821 - Knowledge - INFO - Async storing batch of 5 embeddings
2026-03-05 05:49:57,947 - Knowledge - INFO - [kw7] Queue=10, InProgress=0, PendingWorkers=20/20, Completed=277/366 (75.7%)
2026-03-05 05:49:58,033 - Knowledge - INFO - Worker kw12 processing /app/data/T0015/329127/b993900/tr69hostif-329127/src/hostif/httpserver/src/request_handler.cpp
2026-03-05 05:49:58,164 - Knowledge - INFO - Batch sizing: calculated=4, max_allowed=10, queue=10, active_workers=20/20
2026-03-05 05:49:58,251 - Knowledge - INFO - Worker kw12 processing /app/data/T0015/329127/b993900/tr69hostif-329127/src/hostif/httpserver/include/http_server.h
2026-03-05 05:49:58,322 - Knowledge - INFO - Async storage completed for 4 embeddings
2026-03-05 05:49:58,359 - Knowledge - INFO - Async storing batch of 4 embeddings
2026-03-05 05:49:58,475 - Knowledge - INFO - Fast-tracked /app/data/T0015/329127/b993900/tr69hostif-329127/src/hostif/httpserver/include/http_server.h (ext=.h, size=837)
2026-03-05 05:49:58,670 - Knowledge - INFO - Worker kw7 processing /app/data/T0015/329127/b993900/tr69hostif-329127/src/hostif/snmpAdapter/snmpAdapter.cpp
2026-03-05 05:49:58,756 - Knowledge - INFO - Worker kw12 processing /app/data/T0015/329127/b993900/tr69hostif-329127/src/hostif/httpserver/include/request_handler.h
2026-03-05 05:49:58,864 - Knowledge - INFO - Worker kw7 processing /app/data/T0015/329127/b993900/tr69hostif-329127/src/hostif/snmpAdapter/snmpAdapter.h
2026-03-05 05:49:58,940 - Knowledge - INFO - Fast-tracked /app/data/T0015/329127/b993900/tr69hostif-329127/src/hostif/httpserver/include/request_handler.h (ext=.h, size=1864)
2026-03-05 05:49:59,078 - Knowledge - INFO - Worker kw7 processing /app/data/T0015/329127/b993900/tr69hostif-329127/rdk_env.xml
2026-03-05 05:49:59,157 - Knowledge - INFO - Worker kw12 processing /app/data/T0015/329127/b993900/tr69hostif-329127/src/hostif/httpserver/include/XrdkCentralComRFCVar.h
2026-03-05 05:49:59,315 - Knowledge - INFO - Fast-tracked /app/data/T0015/329127/b993900/tr69hostif-329127/rdk_env.xml (ext=.xml, size=1056)
2026-03-05 05:49:59,371 - Knowledge - INFO - Fast-tracked /app/data/T0015/329127/b993900/tr69hostif-329127/src/hostif/parodusClient/pal/webpa_parameter.h (small file (2783 bytes))
2026-03-05 05:49:59,438 - Knowledge - INFO - Fast-tracked /app/data/T0015/329127/b993900/tr69hostif-329127/src/hostif/httpserver/include/XrdkCentralComRFCVar.h (ext=.h, size=1638)
2026-03-05 05:49:59,567 - Knowledge - INFO - Worker kw7 processing /app/data/T0015/329127/b993900/tr69hostif-329127/run_ut.sh
2026-03-05 05:49:59,727 - Knowledge - INFO - Async storage completed for 5 embeddings
2026-03-05 05:49:59,972 - Knowledge - INFO - Async storage completed for 5 embeddings
2026-03-05 05:50:00,192 - Knowledge - INFO - Async storage completed for 6 embeddings
2026-03-05 05:50:03,530 - Knowledge - INFO - Async storage completed for 5 embeddings
2026-03-05 05:50:04,025 - Knowledge - INFO - Async storage completed for 5 embeddings
2026-03-05 05:50:04,512 - Knowledge - INFO - Async storage completed for 5 embeddings
2026-03-05 05:50:05,144 - Knowledge - INFO - Async storage completed for 6 embeddings
2026-03-05 05:50:05,419 - Knowledge - WARNING - Timeout processing /app/data/T0015/329127/b993900/tr69hostif-329127/src/hostif/profiles/wifi/Device_WiFi_SSID_Stats.h after 90s - using fallback metadata
2026-03-05 05:50:05,442 - Knowledge - INFO - Async storage completed for 5 embeddings
2026-03-05 05:50:05,595 - Knowledge - WARNING - Timeout processing /app/data/T0015/329127/b993900/tr69hostif-329127/src/hostif/profiles/wifi/Device_WiFi_Radio_Stats.h after 90s - using fallback metadata
2026-03-05 05:50:05,862 - Knowledge - WARNING - Timeout processing /app/data/T0015/329127/b993900/tr69hostif-329127/src/hostif/profiles/wifi/Device_WiFi_AccessPoint_WPS.h after 90s - using fallback metadata
2026-03-05 05:50:06,210 - Knowledge - WARNING - Timeout processing /app/data/T0015/329127/b993900/tr69hostif-329127/src/hostif/profiles/wifi/Device_WiFi_X_RDKCENTRAL_COM_ClientRoaming.cpp after 90s - using fallback metadata
2026-03-05 05:50:06,486 - Knowledge - WARNING - Timeout processing /app/data/T0015/329127/b993900/tr69hostif-329127/src/hostif/profiles/wifi/Device_WiFi_EndPoint_WPS.cpp after 90s - using fallback metadata
2026-03-05 05:50:06,608 - Knowledge - INFO - Async storage completed for 6 embeddings
2026-03-05 05:50:07,644 - Knowledge - INFO - Processing batch of 5 files
2026-03-05 05:50:07,859 - Knowledge - INFO - process ingested knowledge for /app/data/T0015/329127/b993900/tr69hostif-329127/src/hostif/profiles/wifi/Device_WiFi_Radio_Stats.h
2026-03-05 05:50:07,977 - Knowledge - INFO - Fast-tracked /app/data/T0015/329127/b993900/tr69hostif-329127/src/hostif/parodusClient/pal/webpa_notification.h (small file (2037 bytes))
2026-03-05 05:50:08,119 - Knowledge - INFO - process ingested knowledge for /app/data/T0015/329127/b993900/tr69hostif-329127/src/hostif/profiles/wifi/Device_WiFi_AccessPoint_WPS.h
2026-03-05 05:50:08,315 - Knowledge - INFO - Async storage completed for 5 embeddings
2026-03-05 05:50:08,445 - Knowledge - INFO - process ingested knowledge for /app/data/T0015/329127/b993900/tr69hostif-329127/src/hostif/profiles/wifi/Device_WiFi_X_RDKCENTRAL_COM_ClientRoaming.cpp
2026-03-05 05:50:08,754 - Knowledge - INFO - process ingested knowledge for /app/data/T0015/329127/b993900/tr69hostif-329127/src/hostif/profiles/wifi/Device_WiFi_EndPoint_WPS.cpp
2026-03-05 05:50:09,022 - Knowledge - INFO - process ingested knowledge for /app/data/T0015/329127/b993900/tr69hostif-329127/src/hostif/profiles/wifi/Device_WiFi_SSID_Stats.h
2026-03-05 05:50:09,543 - Knowledge - INFO - [LLM_CALL] Completed: waldb.cpp:chunk1, Duration: 27156ms, PromptTokens: 18658, CompletionTokens: 1057, Cost: $0.00229
2026-03-05 05:50:09,905 - Knowledge - INFO - done ingest for /app/data/T0015/329127/b993900/tr69hostif-329127/src/hostif/parodusClient/waldb/waldb.cpp
2026-03-05 05:50:11,453 - Knowledge - INFO - Processing batch of 4 files
2026-03-05 05:50:11,530 - Knowledge - INFO - Async storage completed for 5 embeddings
2026-03-05 05:50:11,691 - Knowledge - INFO - Async storage completed for 5 embeddings
2026-03-05 05:50:11,776 - Knowledge - INFO - process ingested knowledge for /app/data/T0015/329127/b993900/tr69hostif-329127/src/hostif/parodusClient/waldb/data-model-generic.xml
2026-03-05 05:50:12,298 - Knowledge - INFO - process ingested knowledge for /app/data/T0015/329127/b993900/tr69hostif-329127/src/hostif/parodusClient/waldb/waldb.cpp
2026-03-05 05:50:13,043 - Knowledge - INFO - process ingested knowledge for /app/data/T0015/329127/b993900/tr69hostif-329127/src/hostif/parodusClient/conf/webpa_cfg.json
2026-03-05 05:50:13,323 - Knowledge - INFO - [WEBSOCKET] Sent: Type=progress_update, Size: 292, Duration: 0ms
2026-03-05 05:50:13,403 - Knowledge - INFO - process ingested knowledge for /app/data/T0015/329127/b993900/tr69hostif-329127/src/hostif/parodusClient/conf/notify_webpa_cfg.json
2026-03-05 05:50:13,571 - Knowledge - INFO - [LLM_CALL] Completed: hostIf_jsonReqHandler.h:chunk1, Duration: 43129ms, PromptTokens: 2390, CompletionTokens: 359, Cost: $0.00038
2026-03-05 05:50:13,835 - Knowledge - INFO - done ingest for /app/data/T0015/329127/b993900/tr69hostif-329127/src/hostif/handlers/include/hostIf_jsonReqHandler.h
2026-03-05 05:50:13,841 - Knowledge - INFO - [WEBSOCKET] Sent: Type=unknown, Size: ?, Duration: 519ms
2026-03-05 05:50:14,365 - Knowledge - INFO - Progress: 78.1% | Files: 286/366 | Rate: 1.08 files/sec | Queue: 6
2026-03-05 05:50:14,714 - Knowledge - INFO - [kw2] Queue=6, InProgress=0, PendingWorkers=20/20, Completed=286/366 (78.1%)
2026-03-05 05:50:15,046 - Knowledge - INFO - Batch sizing: calculated=4, max_allowed=10, queue=6, active_workers=20/20
2026-03-05 05:50:15,450 - Knowledge - INFO - Async storing batch of 5 embeddings
2026-03-05 05:50:15,464 - Knowledge - INFO - Async storage completed for 5 embeddings
2026-03-05 05:50:15,766 - Knowledge - INFO - Worker kw2 processing /app/data/T0015/329127/b993900/tr69hostif-329127/conf/rfcdefaults/tr69hostif.ini
2026-03-05 05:50:16,402 - Knowledge - INFO - Fast-tracked /app/data/T0015/329127/b993900/tr69hostif-329127/conf/rfcdefaults/tr69hostif.ini (ext=.ini, size=987)
2026-03-05 05:50:16,659 - Knowledge - INFO - [LLM_CALL] Completed: webpa_attribute.cpp:chunk1, Duration: 22220ms, PromptTokens: 5230, CompletionTokens: 401, Cost: $0.00068
2026-03-05 05:50:16,725 - Knowledge - INFO - Worker kw2 processing /app/data/T0015/329127/b993900/tr69hostif-329127/dependent_rdk_pkg_installer.sh
2026-03-05 05:50:16,929 - Knowledge - INFO - done ingest for /app/data/T0015/329127/b993900/tr69hostif-329127/src/hostif/parodusClient/pal/webpa_attribute.cpp
2026-03-05 05:50:16,973 - Knowledge - INFO - [kw15] Queue=2, InProgress=0, PendingWorkers=20/20, Completed=286/366 (78.1%)
2026-03-05 05:50:17,016 - Knowledge - INFO - Async storage completed for 4 embeddings
2026-03-05 05:50:17,212 - Knowledge - INFO - Async storage completed for 5 embeddings
2026-03-05 05:50:17,359 - Knowledge - INFO - Worker kw2 processing /app/data/T0015/329127/b993900/tr69hostif-329127/partners_defaults.json
2026-03-05 05:50:17,470 - Knowledge - INFO - [LLM_CALL] Completed: hostIf_DeviceClient_ReqHandler.h:chunk1, Duration: 33324ms, PromptTokens: 2810, CompletionTokens: 578, Cost: $0.00051
2026-03-05 05:50:17,663 - Knowledge - INFO - Batch sizing: calculated=2, max_allowed=10, queue=2, active_workers=20/20
2026-03-05 05:50:17,726 - Knowledge - INFO - Async storage completed for 5 embeddings
2026-03-05 05:50:18,399 - Knowledge - INFO - Fast-tracked /app/data/T0015/329127/b993900/tr69hostif-329127/partners_defaults.json (ext=.json, size=4583)
2026-03-05 05:50:18,538 - Knowledge - INFO - done ingest for /app/data/T0015/329127/b993900/tr69hostif-329127/src/hostif/handlers/include/hostIf_DeviceClient_ReqHandler.h
2026-03-05 05:50:18,655 - Knowledge - INFO - Async storing batch of 4 embeddings
2026-03-05 05:50:18,950 - Knowledge - INFO - Worker kw2 processing /app/data/T0015/329127/b993900/tr69hostif-329127/run_l2.sh
2026-03-05 05:50:19,118 - Knowledge - INFO - Processing batch of 4 files
2026-03-05 05:50:19,274 - Knowledge - INFO - Worker kw15 processing /app/data/T0015/329127/b993900/tr69hostif-329127/CONTRIBUTING.md
2026-03-05 05:50:19,607 - Knowledge - INFO - process ingested knowledge for /app/data/T0015/329127/b993900/tr69hostif-329127/src/hostif/parodusClient/pal/mock-parodus/mock_parodus_build.sh
2026-03-05 05:50:19,750 - Knowledge - INFO - Fast-tracked /app/data/T0015/329127/b993900/tr69hostif-329127/CONTRIBUTING.md (ext=.md, size=268)
2026-03-05 05:50:19,835 - Knowledge - INFO - Processing batch of 4 files
2026-03-05 05:50:19,849 - Knowledge - INFO - process ingested knowledge for /app/data/T0015/329127/b993900/tr69hostif-329127/src/hostif/parodusClient/pal/mock-parodus/parodus.cpp
2026-03-05 05:50:20,300 - Knowledge - INFO - Worker kw15 processing /app/data/T0015/329127/b993900/tr69hostif-329127/CHANGELOG.md
2026-03-05 05:50:20,539 - Knowledge - INFO - process ingested knowledge for /app/data/T0015/329127/b993900/tr69hostif-329127/src/hostif/handlers/include/hostIf_jsonReqHandler.h
2026-03-05 05:50:20,667 - Knowledge - INFO - process ingested knowledge for /app/data/T0015/329127/b993900/tr69hostif-329127/src/hostif/parodusClient/pal/webpa_attribute.cpp
2026-03-05 05:50:20,852 - Knowledge - INFO - Fast-tracked /app/data/T0015/329127/b993900/tr69hostif-329127/CHANGELOG.md (ext=.md, size=28393)
2026-03-05 05:50:20,984 - Knowledge - INFO - process ingested knowledge for /app/data/T0015/329127/b993900/tr69hostif-329127/src/hostif/handlers/include/hostIf_StorageSrvc_ReqHandler.h
2026-03-05 05:50:21,156 - Knowledge - INFO - process ingested knowledge for /app/data/T0015/329127/b993900/tr69hostif-329127/src/hostif/parodusClient/pal/webpa_notification.h
2026-03-05 05:50:21,309 - Knowledge - INFO - Async storage completed for 4 embeddings
2026-03-05 05:50:21,476 - Knowledge - INFO - process ingested knowledge for /app/data/T0015/329127/b993900/tr69hostif-329127/src/hostif/handlers/include/hostIf_MoCAClient_ReqHandler.h
2026-03-05 05:50:22,258 - Knowledge - INFO - Processing batch of 2 files
2026-03-05 05:50:22,302 - Knowledge - INFO - process ingested knowledge for /app/data/T0015/329127/b993900/tr69hostif-329127/src/hostif/handlers/include/hostIf_DeviceClient_ReqHandler.h
2026-03-05 05:50:22,649 - Knowledge - INFO - process ingested knowledge for /app/data/T0015/329127/b993900/tr69hostif-329127/CONTRIBUTING.md
2026-03-05 05:50:24,682 - Knowledge - INFO - process ingested knowledge for /app/data/T0015/329127/b993900/tr69hostif-329127/CHANGELOG.md
2026-03-05 05:50:25,422 - Knowledge - INFO - Async storage completed for 5 embeddings
2026-03-05 05:50:28,020 - Knowledge - INFO - Fast-tracked /app/data/T0015/329127/b993900/tr69hostif-329127/run_l2.sh (small file (3047 bytes))
2026-03-05 05:50:28,343 - Knowledge - INFO - [LLM_CALL] Completed: Device_WiFi_EndPoint_WPS.h:chunk1, Duration: 79812ms, PromptTokens: 2588, CompletionTokens: 604, Cost: $0.00050
2026-03-05 05:50:28,485 - Knowledge - INFO - Async storage completed for 5 embeddings
2026-03-05 05:50:29,059 - Knowledge - INFO - done ingest for /app/data/T0015/329127/b993900/tr69hostif-329127/src/hostif/profiles/wifi/Device_WiFi_EndPoint_WPS.h
2026-03-05 05:50:29,111 - Knowledge - INFO - [WEBSOCKET] Sent: Type=progress_update, Size: 293, Duration: 0ms
2026-03-05 05:50:30,473 - Knowledge - INFO - [WEBSOCKET] Sent: Type=unknown, Size: ?, Duration: 1362ms
2026-03-05 05:50:30,742 - Knowledge - INFO - Progress: 80.9% | Files: 296/366 | Rate: 1.06 files/sec | Queue: 0
2026-03-05 05:50:33,685 - Knowledge - INFO - Async storage completed for 4 embeddings
2026-03-05 05:50:34,684 - Knowledge - INFO - [LLM_CALL] Completed: dependent_rdk_pkg_installer.sh:chunk1, Duration: 15208ms, PromptTokens: 2758, CompletionTokens: 59, Cost: $0.00030
2026-03-05 05:50:35,205 - Knowledge - INFO - done ingest for /app/data/T0015/329127/b993900/tr69hostif-329127/dependent_rdk_pkg_installer.sh
2026-03-05 05:50:36,048 - Knowledge - INFO - Async storage completed for 4 embeddings
2026-03-05 05:50:36,087 - Knowledge - INFO - Processing batch of 4 files
2026-03-05 05:50:36,647 - Knowledge - INFO - process ingested knowledge for /app/data/T0015/329127/b993900/tr69hostif-329127/conf/rfcdefaults/tr69hostif.ini
2026-03-05 05:50:37,219 - Knowledge - INFO - process ingested knowledge for /app/data/T0015/329127/b993900/tr69hostif-329127/dependent_rdk_pkg_installer.sh
2026-03-05 05:50:38,295 - Knowledge - INFO - process ingested knowledge for /app/data/T0015/329127/b993900/tr69hostif-329127/partners_defaults.json
2026-03-05 05:50:38,705 - Knowledge - INFO - process ingested knowledge for /app/data/T0015/329127/b993900/tr69hostif-329127/run_l2.sh
2026-03-05 05:50:39,373 - Knowledge - INFO - [LLM_CALL] Completed: Device_WiFi_EndPoint.h:chunk1, Duration: 90659ms, PromptTokens: 5884, CompletionTokens: 761, Cost: $0.00089
2026-03-05 05:50:39,746 - Knowledge - INFO - done ingest for /app/data/T0015/329127/b993900/tr69hostif-329127/src/hostif/profiles/wifi/Device_WiFi_EndPoint.h
2026-03-05 05:50:43,929 - Knowledge - INFO - [LLM_CALL] Completed: webpa_notification.cpp:chunk1, Duration: 60243ms, PromptTokens: 5206, CompletionTokens: 423, Cost: $0.00069
2026-03-05 05:50:44,527 - Knowledge - INFO - done ingest for /app/data/T0015/329127/b993900/tr69hostif-329127/src/hostif/parodusClient/pal/webpa_notification.cpp
2026-03-05 05:50:45,365 - Knowledge - INFO - [LLM_CALL] Completed: handlers_test.cpp:chunk1, Duration: 70989ms, PromptTokens: 33832, CompletionTokens: 59, Cost: $0.00341
2026-03-05 05:50:45,711 - Knowledge - INFO - done ingest for /app/data/T0015/329127/b993900/tr69hostif-329127/src/hostif/handlers/src/gtest/handlers_test.cpp
2026-03-05 05:50:48,682 - Knowledge - INFO - [LLM_CALL] Completed: hostIf_XrdkCentralT2_ReqHandler.cpp:chunk1, Duration: 101574ms, PromptTokens: 5366, CompletionTokens: 532, Cost: $0.00075
2026-03-05 05:50:49,036 - Knowledge - INFO - done ingest for /app/data/T0015/329127/b993900/tr69hostif-329127/src/hostif/handlers/src/hostIf_XrdkCentralT2_ReqHandler.cpp
2026-03-05 05:50:49,697 - Knowledge - INFO - [LLM_CALL] Completed: Device_WiFi_AccessPoint_Security.h:chunk1, Duration: 90768ms, PromptTokens: 4582, CompletionTokens: 619, Cost: $0.00071
2026-03-05 05:50:50,205 - Knowledge - INFO - done ingest for /app/data/T0015/329127/b993900/tr69hostif-329127/src/hostif/profiles/wifi/Device_WiFi_AccessPoint_Security.h
2026-03-05 05:50:50,974 - Knowledge - INFO - [LLM_CALL] Completed: request_handler.cpp:chunk1, Duration: 51202ms, PromptTokens: 15774, CompletionTokens: 861, Cost: $0.00192
2026-03-05 05:50:51,345 - Knowledge - INFO - done ingest for /app/data/T0015/329127/b993900/tr69hostif-329127/src/hostif/httpserver/src/request_handler.cpp
2026-03-05 05:50:55,024 - Knowledge - INFO - [LLM_CALL] Completed: Device_WiFi.h:chunk1, Duration: 120672ms, PromptTokens: 5658, CompletionTokens: 664, Cost: $0.00083
2026-03-05 05:50:55,352 - Knowledge - INFO - done ingest for /app/data/T0015/329127/b993900/tr69hostif-329127/src/hostif/profiles/wifi/Device_WiFi.h
2026-03-05 05:50:55,397 - Knowledge - INFO - [LLM_CALL] Completed: startParodus.cpp:chunk1, Duration: 76954ms, PromptTokens: 9412, CompletionTokens: 493, Cost: $0.00114
2026-03-05 05:50:55,836 - Knowledge - INFO - done ingest for /app/data/T0015/329127/b993900/tr69hostif-329127/src/hostif/parodusClient/startParodus/startParodus.cpp
2026-03-05 05:50:56,377 - Knowledge - INFO - Processing batch of 4 files
2026-03-05 05:50:56,735 - Knowledge - INFO - process ingested knowledge for /app/data/T0015/329127/b993900/tr69hostif-329127/src/hostif/httpserver/src/request_handler.cpp
2026-03-05 05:50:57,325 - Knowledge - INFO - process ingested knowledge for /app/data/T0015/329127/b993900/tr69hostif-329127/src/hostif/httpserver/include/http_server.h
2026-03-05 05:50:57,924 - Knowledge - INFO - process ingested knowledge for /app/data/T0015/329127/b993900/tr69hostif-329127/src/hostif/httpserver/include/request_handler.h
2026-03-05 05:50:58,663 - Knowledge - INFO - process ingested knowledge for /app/data/T0015/329127/b993900/tr69hostif-329127/src/hostif/httpserver/include/XrdkCentralComRFCVar.h
2026-03-05 05:50:58,842 - Knowledge - INFO - [LLM_CALL] Completed: waldb.h:chunk1, Duration: 61152ms, PromptTokens: 2256, CompletionTokens: 737, Cost: $0.00052
2026-03-05 05:50:59,263 - Knowledge - INFO - done ingest for /app/data/T0015/329127/b993900/tr69hostif-329127/src/hostif/parodusClient/waldb/waldb.h
2026-03-05 05:50:59,360 - Knowledge - INFO - [LLM_CALL] Completed: webpa_adapter.h:chunk1, Duration: 59704ms, PromptTokens: 4756, CompletionTokens: 861, Cost: $0.00082
2026-03-05 05:50:59,884 - Knowledge - INFO - done ingest for /app/data/T0015/329127/b993900/tr69hostif-329127/src/hostif/parodusClient/pal/webpa_adapter.h
2026-03-05 05:51:01,941 - Knowledge - INFO - [LLM_CALL] Completed: Device_WiFi_AccessPoint_AssociatedDevice.cpp:chunk1, Duration: 93575ms, PromptTokens: 3218, CompletionTokens: 1042, Cost: $0.00074
2026-03-05 05:51:02,186 - Knowledge - INFO - done ingest for /app/data/T0015/329127/b993900/tr69hostif-329127/src/hostif/profiles/wifi/Device_WiFi_AccessPoint_AssociatedDevice.cpp
2026-03-05 05:51:02,580 - Knowledge - INFO - [LLM_CALL] Completed: snmpAdapter.cpp:chunk1, Duration: 62729ms, PromptTokens: 7284, CompletionTokens: 754, Cost: $0.00103
2026-03-05 05:51:03,164 - Knowledge - INFO - done ingest for /app/data/T0015/329127/b993900/tr69hostif-329127/src/hostif/snmpAdapter/snmpAdapter.cpp
2026-03-05 05:51:04,691 - Knowledge - INFO - Processing batch of 4 files
2026-03-05 05:51:04,938 - Knowledge - INFO - Processing batch of 4 files
2026-03-05 05:51:05,163 - Knowledge - INFO - process ingested knowledge for /app/data/T0015/329127/b993900/tr69hostif-329127/src/hostif/parodusClient/startParodus/startParodus_spport.cpp
2026-03-05 05:51:05,358 - Knowledge - INFO - process ingested knowledge for /app/data/T0015/329127/b993900/tr69hostif-329127/src/hostif/parodusClient/pal/webpa_notification.cpp
2026-03-05 05:51:05,444 - Knowledge - INFO - [LLM_CALL] Completed: Device_WiFi_SSID.h:chunk1, Duration: 125744ms, PromptTokens: 7340, CompletionTokens: 714, Cost: $0.00102
2026-03-05 05:51:06,194 - Knowledge - INFO - done ingest for /app/data/T0015/329127/b993900/tr69hostif-329127/src/hostif/profiles/wifi/Device_WiFi_SSID.h
2026-03-05 05:51:06,195 - Knowledge - INFO - process ingested knowledge for /app/data/T0015/329127/b993900/tr69hostif-329127/src/hostif/parodusClient/startParodus/startParodus.h
2026-03-05 05:51:08,420 - Knowledge - INFO - process ingested knowledge for /app/data/T0015/329127/b993900/tr69hostif-329127/src/hostif/parodusClient/pal/libpd.h
2026-03-05 05:51:08,464 - Knowledge - INFO - process ingested knowledge for /app/data/T0015/329127/b993900/tr69hostif-329127/src/hostif/parodusClient/startParodus/startParodus.cpp
2026-03-05 05:51:08,704 - Knowledge - INFO - [WEBSOCKET] Sent: Type=progress_update, Size: 293, Duration: 0ms
2026-03-05 05:51:09,313 - Knowledge - INFO - process ingested knowledge for /app/data/T0015/329127/b993900/tr69hostif-329127/src/hostif/parodusClient/pal/webpa_parameter.h
2026-03-05 05:51:10,207 - Knowledge - INFO - [LLM_CALL] Completed: hostIf_DHCPv4Client_ReqHandler.cpp:chunk1, Duration: 105114ms, PromptTokens: 7688, CompletionTokens: 1001, Cost: $0.00117
2026-03-05 05:51:10,208 - Knowledge - INFO - process ingested knowledge for /app/data/T0015/329127/b993900/tr69hostif-329127/src/hostif/parodusClient/waldb/waldb.h
2026-03-05 05:51:11,003 - Knowledge - INFO - process ingested knowledge for /app/data/T0015/329127/b993900/tr69hostif-329127/src/hostif/parodusClient/pal/webpa_adapter.h
2026-03-05 05:51:11,141 - Knowledge - INFO - done ingest for /app/data/T0015/329127/b993900/tr69hostif-329127/src/hostif/handlers/src/hostIf_DHCPv4Client_ReqHandler.cpp
2026-03-05 05:51:11,146 - Knowledge - INFO - [WEBSOCKET] Sent: Type=unknown, Size: ?, Duration: 2442ms
2026-03-05 05:51:12,594 - Knowledge - INFO - Progress: 85.2% | Files: 312/366 | Rate: 0.97 files/sec | Queue: 0
2026-03-05 05:51:15,649 - Knowledge - INFO - [LLM_CALL] Completed: run_ut.sh:chunk1, Duration: 50068ms, PromptTokens: 4216, CompletionTokens: 59, Cost: $0.00045
2026-03-05 05:51:16,101 - Knowledge - INFO - done ingest for /app/data/T0015/329127/b993900/tr69hostif-329127/run_ut.sh
2026-03-05 05:51:16,134 - Knowledge - INFO - [LLM_CALL] Completed: hostIf_NotificationHandler.cpp:chunk1, Duration: 119205ms, PromptTokens: 6182, CompletionTokens: 935, Cost: $0.00099
2026-03-05 05:51:17,096 - Knowledge - INFO - done ingest for /app/data/T0015/329127/b993900/tr69hostif-329127/src/hostif/handlers/src/hostIf_NotificationHandler.cpp
2026-03-05 05:51:22,037 - Knowledge - INFO - [LLM_CALL] Completed: XrdkCentralComRFCVar.cpp:chunk1, Duration: 67655ms, PromptTokens: 3494, CompletionTokens: 402, Cost: $0.00051
2026-03-05 05:51:22,530 - Knowledge - INFO - done ingest for /app/data/T0015/329127/b993900/tr69hostif-329127/src/hostif/httpserver/src/XrdkCentralComRFCVar.cpp
2026-03-05 05:51:24,179 - Knowledge - INFO - [LLM_CALL] Completed: x_rdk_req_handler.cpp:chunk1, Duration: 89885ms, PromptTokens: 3248, CompletionTokens: 476, Cost: $0.00052
2026-03-05 05:51:24,812 - Knowledge - INFO - done ingest for /app/data/T0015/329127/b993900/tr69hostif-329127/src/hostif/handlers/src/x_rdk_req_handler.cpp
2026-03-05 05:51:27,123 - Knowledge - INFO - [LLM_CALL] Completed: hostIf_dsClient_ReqHandler.cpp:chunk1, Duration: 143771ms, PromptTokens: 10314, CompletionTokens: 1023, Cost: $0.00144
2026-03-05 05:51:27,717 - Knowledge - INFO - done ingest for /app/data/T0015/329127/b993900/tr69hostif-329127/src/hostif/handlers/src/hostIf_dsClient_ReqHandler.cpp
2026-03-05 05:51:28,763 - Knowledge - INFO - [LLM_CALL] Completed: hostIf_IARM_ReqHandler.cpp:chunk1, Duration: 128229ms, PromptTokens: 12352, CompletionTokens: 823, Cost: $0.00156
2026-03-05 05:51:30,115 - Knowledge - INFO - done ingest for /app/data/T0015/329127/b993900/tr69hostif-329127/src/hostif/handlers/src/hostIf_IARM_ReqHandler.cpp
2026-03-05 05:51:30,654 - Knowledge - WARNING - Timeout processing /app/data/T0015/329127/b993900/tr69hostif-329127/src/hostif/handlers/src/hostIf_updateHandler.cpp after 90s - using fallback metadata
2026-03-05 05:51:31,225 - Knowledge - WARNING - Timeout processing /app/data/T0015/329127/b993900/tr69hostif-329127/src/hostif/handlers/src/hostIf_DeviceClient_ReqHandler.cpp after 90s - using fallback metadata
2026-03-05 05:51:32,462 - Knowledge - INFO - [LLM_CALL] Completed: hostIf_StorageService_ReqHandler.cpp:chunk1, Duration: 108069ms, PromptTokens: 3598, CompletionTokens: 551, Cost: $0.00058
2026-03-05 05:51:32,810 - Knowledge - INFO - done ingest for /app/data/T0015/329127/b993900/tr69hostif-329127/src/hostif/handlers/src/hostIf_StorageService_ReqHandler.cpp
2026-03-05 05:51:34,269 - Knowledge - INFO - [LLM_CALL] Completed: snmpAdapter.h:chunk1, Duration: 77734ms, PromptTokens: 2768, CompletionTokens: 556, Cost: $0.00050
2026-03-05 05:51:34,636 - Knowledge - INFO - done ingest for /app/data/T0015/329127/b993900/tr69hostif-329127/src/hostif/snmpAdapter/snmpAdapter.h
2026-03-05 05:51:36,717 - Knowledge - INFO - Processing batch of 4 files
2026-03-05 05:51:36,940 - Knowledge - INFO - process ingested knowledge for /app/data/T0015/329127/b993900/tr69hostif-329127/src/hostif/handlers/src/hostIf_XrdkCentralT2_ReqHandler.cpp
2026-03-05 05:51:37,510 - Knowledge - INFO - Processing batch of 4 files
2026-03-05 05:51:38,056 - Knowledge - INFO - process ingested knowledge for /app/data/T0015/329127/b993900/tr69hostif-329127/src/hostif/snmpAdapter/snmpAdapter.cpp
2026-03-05 05:51:38,102 - Knowledge - INFO - process ingested knowledge for /app/data/T0015/329127/b993900/tr69hostif-329127/src/hostif/handlers/src/hostIf_DHCPv4Client_ReqHandler.cpp
2026-03-05 05:51:38,641 - Knowledge - INFO - process ingested knowledge for /app/data/T0015/329127/b993900/tr69hostif-329127/src/hostif/snmpAdapter/snmpAdapter.h
2026-03-05 05:51:38,794 - Knowledge - INFO - [LLM_CALL] Completed: Device_WiFi_AccessPoint.cpp:chunk1, Duration: 119206ms, PromptTokens: 3454, CompletionTokens: 1196, Cost: $0.00082
2026-03-05 05:51:38,944 - Knowledge - INFO - process ingested knowledge for /app/data/T0015/329127/b993900/tr69hostif-329127/src/hostif/handlers/src/hostIf_updateHandler.cpp
2026-03-05 05:51:39,049 - Knowledge - WARNING - Timeout processing /app/data/T0015/329127/b993900/tr69hostif-329127/src/hostif/profiles/wifi/Device_WiFi_EndPoint_Profile_Security.cpp after 90s - using fallback metadata
2026-03-05 05:51:39,291 - Knowledge - INFO - done ingest for /app/data/T0015/329127/b993900/tr69hostif-329127/src/hostif/profiles/wifi/Device_WiFi_AccessPoint.cpp
2026-03-05 05:51:39,732 - Knowledge - INFO - [LLM_CALL] Completed: hostIf_rbus_Dml_Provider.cpp:chunk1, Duration: 110243ms, PromptTokens: 12772, CompletionTokens: 911, Cost: $0.00164
2026-03-05 05:51:39,835 - Knowledge - INFO - process ingested knowledge for /app/data/T0015/329127/b993900/tr69hostif-329127/rdk_env.xml
2026-03-05 05:51:39,937 - Knowledge - WARNING - Timeout processing /app/data/T0015/329127/b993900/tr69hostif-329127/src/hostif/profiles/wifi/Device_WiFi_EndPoint_Security.cpp after 90s - using fallback metadata
2026-03-05 05:51:40,325 - Knowledge - INFO - done ingest for /app/data/T0015/329127/b993900/tr69hostif-329127/src/hostif/handlers/src/hostIf_rbus_Dml_Provider.cpp
2026-03-05 05:51:40,361 - Knowledge - INFO - [LLM_CALL] Completed: webpa_parameter.cpp:chunk1, Duration: 117694ms, PromptTokens: 16902, CompletionTokens: 1059, Cost: $0.00211
2026-03-05 05:51:40,511 - Knowledge - INFO - process ingested knowledge for /app/data/T0015/329127/b993900/tr69hostif-329127/src/hostif/handlers/src/hostIf_DeviceClient_ReqHandler.cpp
2026-03-05 05:51:40,756 - Knowledge - WARNING - Timeout processing /app/data/T0015/329127/b993900/tr69hostif-329127/src/hostif/profiles/wifi/Device_WiFi_AccessPoint_AssociatedDevice.h after 90s - using fallback metadata
2026-03-05 05:51:40,944 - Knowledge - INFO - process ingested knowledge for /app/data/T0015/329127/b993900/tr69hostif-329127/run_ut.sh
2026-03-05 05:51:41,341 - Knowledge - INFO - done ingest for /app/data/T0015/329127/b993900/tr69hostif-329127/src/hostif/parodusClient/pal/webpa_parameter.cpp
2026-03-05 05:51:42,857 - Knowledge - INFO - [LLM_CALL] Completed: hostIf_InterfaceStackClient_ReqHandler.cpp:chunk1, Duration: 131318ms, PromptTokens: 6788, CompletionTokens: 856, Cost: $0.00102
2026-03-05 05:51:43,222 - Knowledge - INFO - done ingest for /app/data/T0015/329127/b993900/tr69hostif-329127/src/hostif/handlers/src/hostIf_InterfaceStackClient_ReqHandler.cpp
2026-03-05 05:51:43,973 - Knowledge - INFO - [LLM_CALL] Completed: Device_WiFi_AccessPoint.h:chunk1, Duration: 154705ms, PromptTokens: 4656, CompletionTokens: 1190, Cost: $0.00094
2026-03-05 05:51:44,406 - Knowledge - INFO - done ingest for /app/data/T0015/329127/b993900/tr69hostif-329127/src/hostif/profiles/wifi/Device_WiFi_AccessPoint.h
2026-03-05 05:51:44,418 - Knowledge - INFO - [LLM_CALL] Completed: webpa_adapter.cpp:chunk1, Duration: 104323ms, PromptTokens: 10616, CompletionTokens: 552, Cost: $0.00128
2026-03-05 05:51:44,923 - Knowledge - INFO - done ingest for /app/data/T0015/329127/b993900/tr69hostif-329127/src/hostif/parodusClient/pal/webpa_adapter.cpp
2026-03-05 05:51:44,967 - Knowledge - INFO - [LLM_CALL] Completed: Device_WiFi_EndPoint_Profile.h:chunk1, Duration: 187420ms, PromptTokens: 3954, CompletionTokens: 485, Cost: $0.00059
2026-03-05 05:51:45,508 - Knowledge - INFO - done ingest for /app/data/T0015/329127/b993900/tr69hostif-329127/src/hostif/profiles/wifi/Device_WiFi_EndPoint_Profile.h
2026-03-05 05:51:46,484 - Knowledge - INFO - [LLM_CALL] Completed: hostIf_SNMPClient_ReqHandler.cpp:chunk1, Duration: 104752ms, PromptTokens: 5302, CompletionTokens: 760, Cost: $0.00083
2026-03-05 05:51:46,864 - Knowledge - INFO - done ingest for /app/data/T0015/329127/b993900/tr69hostif-329127/src/hostif/handlers/src/hostIf_SNMPClient_ReqHandler.cpp
2026-03-05 05:51:50,052 - Knowledge - INFO - [LLM_CALL] Completed: hostIf_WiFi_ReqHandler.cpp:chunk1, Duration: 146482ms, PromptTokens: 19184, CompletionTokens: 1644, Cost: $0.00258
2026-03-05 05:51:50,620 - Knowledge - INFO - done ingest for /app/data/T0015/329127/b993900/tr69hostif-329127/src/hostif/handlers/src/hostIf_WiFi_ReqHandler.cpp
2026-03-05 05:51:51,640 - Knowledge - INFO - [LLM_CALL] Completed: libpd.cpp:chunk1, Duration: 94603ms, PromptTokens: 8830, CompletionTokens: 735, Cost: $0.00118
2026-03-05 05:51:52,090 - Knowledge - INFO - done ingest for /app/data/T0015/329127/b993900/tr69hostif-329127/src/hostif/parodusClient/pal/libpd.cpp
2026-03-05 05:51:53,423 - Knowledge - INFO - [WEBSOCKET] Sent: Type=progress_update, Size: 273, Duration: 0ms
2026-03-05 05:51:53,978 - Knowledge - INFO - [WEBSOCKET] Sent: Type=unknown, Size: ?, Duration: 555ms
2026-03-05 05:51:54,362 - Knowledge - INFO - Progress: 89.1% | Files: 327/366 | Rate: 0.90 files/sec | Queue: 0
2026-03-05 05:51:54,404 - Knowledge - INFO - [LLM_CALL] Completed: Device_WiFi_AccessPoint_WPS.cpp:chunk1, Duration: 147955ms, PromptTokens: 2608, CompletionTokens: 837, Cost: $0.00060
2026-03-05 05:51:55,065 - Knowledge - INFO - done ingest for /app/data/T0015/329127/b993900/tr69hostif-329127/src/hostif/profiles/wifi/Device_WiFi_AccessPoint_WPS.cpp
2026-03-05 05:51:55,095 - Knowledge - INFO - Processing batch of 5 files
2026-03-05 05:51:55,227 - Knowledge - INFO - [LLM_CALL] Completed: hostIf_jsonReqHandlerThread.cpp:chunk1, Duration: 136808ms, PromptTokens: 6986, CompletionTokens: 586, Cost: $0.00093
2026-03-05 05:51:55,678 - Knowledge - INFO - process ingested knowledge for /app/data/T0015/329127/b993900/tr69hostif-329127/src/hostif/profiles/wifi/Device_WiFi_EndPoint_Profile_Security.cpp
2026-03-05 05:51:55,868 - Knowledge - INFO - done ingest for /app/data/T0015/329127/b993900/tr69hostif-329127/src/hostif/handlers/src/hostIf_jsonReqHandlerThread.cpp
2026-03-05 05:51:55,902 - Knowledge - INFO - [LLM_CALL] Completed: http_server.cpp:chunk1, Duration: 91525ms, PromptTokens: 5932, CompletionTokens: 694, Cost: $0.00087
2026-03-05 05:51:56,223 - Knowledge - INFO - process ingested knowledge for /app/data/T0015/329127/b993900/tr69hostif-329127/src/hostif/profiles/wifi/Device_WiFi_SSID.h
2026-03-05 05:51:56,593 - Knowledge - INFO - done ingest for /app/data/T0015/329127/b993900/tr69hostif-329127/src/hostif/httpserver/src/http_server.cpp
2026-03-05 05:51:56,693 - Knowledge - INFO - [LLM_CALL] Completed: Device_WiFi_AccessPoint_Security.cpp:chunk1, Duration: 166018ms, PromptTokens: 3426, CompletionTokens: 1093, Cost: $0.00078
2026-03-05 05:51:57,148 - Knowledge - INFO - done ingest for /app/data/T0015/329127/b993900/tr69hostif-329127/src/hostif/profiles/wifi/Device_WiFi_AccessPoint_Security.cpp
2026-03-05 05:51:57,169 - Knowledge - INFO - process ingested knowledge for /app/data/T0015/329127/b993900/tr69hostif-329127/src/hostif/profiles/wifi/Device_WiFi_AccessPoint_Security.h
2026-03-05 05:51:57,894 - Knowledge - INFO - Processing batch of 4 files
2026-03-05 05:51:58,129 - Knowledge - INFO - process ingested knowledge for /app/data/T0015/329127/b993900/tr69hostif-329127/src/hostif/profiles/wifi/Device_WiFi_EndPoint_Security.cpp
2026-03-05 05:51:58,503 - Knowledge - INFO - process ingested knowledge for /app/data/T0015/329127/b993900/tr69hostif-329127/src/hostif/handlers/src/hostIf_IARM_ReqHandler.cpp
2026-03-05 05:51:59,063 - Knowledge - INFO - process ingested knowledge for /app/data/T0015/329127/b993900/tr69hostif-329127/src/hostif/profiles/wifi/Device_WiFi_AccessPoint_AssociatedDevice.h
2026-03-05 05:51:59,093 - Knowledge - INFO - Processing batch of 4 files
2026-03-05 05:51:59,566 - Knowledge - INFO - process ingested knowledge for /app/data/T0015/329127/b993900/tr69hostif-329127/src/hostif/handlers/src/gtest/handlers_test.cpp
2026-03-05 05:51:59,652 - Knowledge - INFO - [LLM_CALL] Completed: hostIf_IPClient_ReqHandler.cpp:chunk1, Duration: 129398ms, PromptTokens: 22622, CompletionTokens: 1058, Cost: $0.00269
2026-03-05 05:51:59,910 - Knowledge - INFO - process ingested knowledge for /app/data/T0015/329127/b993900/tr69hostif-329127/src/hostif/parodusClient/pal/webpa_parameter.cpp
2026-03-05 05:52:00,388 - Knowledge - INFO - done ingest for /app/data/T0015/329127/b993900/tr69hostif-329127/src/hostif/handlers/src/hostIf_IPClient_ReqHandler.cpp
2026-03-05 05:52:00,567 - Knowledge - INFO - [LLM_CALL] Completed: Device_WiFi_EndPoint.cpp:chunk1, Duration: 185620ms, PromptTokens: 9856, CompletionTokens: 1222, Cost: $0.00147
2026-03-05 05:52:01,045 - Knowledge - INFO - done ingest for /app/data/T0015/329127/b993900/tr69hostif-329127/src/hostif/profiles/wifi/Device_WiFi_EndPoint.cpp
2026-03-05 05:52:01,127 - Knowledge - INFO - [LLM_CALL] Completed: hostIf_EthernetClient_ReqHandler.cpp:chunk1, Duration: 181395ms, PromptTokens: 15792, CompletionTokens: 1385, Cost: $0.00213
2026-03-05 05:52:01,233 - Knowledge - INFO - process ingested knowledge for /app/data/T0015/329127/b993900/tr69hostif-329127/src/hostif/handlers/src/hostIf_rbus_Dml_Provider.cpp
2026-03-05 05:52:01,558 - Knowledge - INFO - process ingested knowledge for /app/data/T0015/329127/b993900/tr69hostif-329127/src/hostif/parodusClient/pal/webpa_adapter.cpp
2026-03-05 05:52:01,577 - Knowledge - WARNING - Timeout processing /app/data/T0015/329127/b993900/tr69hostif-329127/src/hostif/handlers/src/hostIf_msgHandler.cpp after 90s - using fallback metadata
2026-03-05 05:52:01,599 - Knowledge - INFO - done ingest for /app/data/T0015/329127/b993900/tr69hostif-329127/src/hostif/handlers/src/hostIf_EthernetClient_ReqHandler.cpp
2026-03-05 05:52:02,741 - Knowledge - INFO - process ingested knowledge for /app/data/T0015/329127/b993900/tr69hostif-329127/src/hostif/parodusClient/pal/webpa_attribute.h
2026-03-05 05:52:03,127 - Knowledge - INFO - [LLM_CALL] Completed: hostIf_MoCAClient_ReqHandler.cpp:chunk1, Duration: 175764ms, PromptTokens: 16978, CompletionTokens: 903, Cost: $0.00206
2026-03-05 05:52:03,731 - Knowledge - INFO - process ingested knowledge for /app/data/T0015/329127/b993900/tr69hostif-329127/src/hostif/handlers/src/hostIf_SNMPClient_ReqHandler.cpp
2026-03-05 05:52:03,967 - Knowledge - INFO - process ingested knowledge for /app/data/T0015/329127/b993900/tr69hostif-329127/src/hostif/parodusClient/pal/libpd.cpp
2026-03-05 05:52:05,169 - Knowledge - WARNING - Timeout processing /app/data/T0015/329127/b993900/tr69hostif-329127/src/hostif/profiles/wifi/Device_WiFi_Radio.h after 90s - using fallback metadata
2026-03-05 05:52:05,518 - Knowledge - WARNING - Timeout processing /app/data/T0015/329127/b993900/tr69hostif-329127/src/hostif/handlers/src/hostIf_MoCAClient_ReqHandler.cpp after 90s - using fallback metadata
2026-03-05 05:52:05,808 - Knowledge - INFO - [LLM_CALL] Completed: Device_WiFi_Radio_Stats.cpp:chunk1, Duration: 145079ms, PromptTokens: 6296, CompletionTokens: 1144, Cost: $0.00109
2026-03-05 05:52:06,172 - Knowledge - INFO - done ingest for /app/data/T0015/329127/b993900/tr69hostif-329127/src/hostif/profiles/wifi/Device_WiFi_Radio_Stats.cpp
2026-03-05 05:52:06,914 - Knowledge - WARNING - Timeout processing /app/data/T0015/329127/b993900/tr69hostif-329127/src/hostif/profiles/wifi/Device_WiFi_X_RDKCENTRAL_COM_ClientRoaming.h after 90s - using fallback metadata
2026-03-05 05:52:07,973 - Knowledge - INFO - [WEBSOCKET] Sent: Type=progress_update, Size: 273, Duration: 0ms
2026-03-05 05:52:08,323 - Knowledge - INFO - [WEBSOCKET] Sent: Type=unknown, Size: ?, Duration: 353ms
2026-03-05 05:52:08,551 - Knowledge - INFO - Progress: 92.1% | Files: 341/366 | Rate: 0.90 files/sec | Queue: 0
2026-03-05 05:52:09,458 - Knowledge - INFO - Processing batch of 4 files
2026-03-05 05:52:09,760 - Knowledge - INFO - process ingested knowledge for /app/data/T0015/329127/b993900/tr69hostif-329127/src/hostif/handlers/src/hostIf_dsClient_ReqHandler.cpp
2026-03-05 05:52:10,426 - Knowledge - INFO - [LLM_CALL] Completed: hostIf_TimeClient_ReqHandler.cpp:chunk1, Duration: 144406ms, PromptTokens: 8618, CompletionTokens: 671, Cost: $0.00113
2026-03-05 05:52:10,535 - Knowledge - WARNING - Timeout processing /app/data/T0015/329127/b993900/tr69hostif-329127/src/hostif/handlers/src/hostIf_XREClient_ReqHandler.cpp after 90s - using fallback metadata
2026-03-05 05:52:10,705 - Knowledge - INFO - done ingest for /app/data/T0015/329127/b993900/tr69hostif-329127/src/hostif/handlers/src/hostIf_TimeClient_ReqHandler.cpp
2026-03-05 05:52:10,705 - Knowledge - INFO - [LLM_CALL] Completed: Device_WiFi_SSID.cpp:chunk1, Duration: 197887ms, PromptTokens: 10068, CompletionTokens: 1313, Cost: $0.00153
2026-03-05 05:52:10,999 - Knowledge - INFO - process ingested knowledge for /app/data/T0015/329127/b993900/tr69hostif-329127/src/hostif/handlers/src/hostIf_NotificationHandler.cpp
2026-03-05 05:52:11,175 - Knowledge - INFO - done ingest for /app/data/T0015/329127/b993900/tr69hostif-329127/src/hostif/profiles/wifi/Device_WiFi_SSID.cpp
2026-03-05 05:52:11,249 - Knowledge - WARNING - Timeout processing /app/data/T0015/329127/b993900/tr69hostif-329127/src/hostif/profiles/wifi/Device_WiFi_SSID_Stats.cpp after 90s - using fallback metadata
2026-03-05 05:52:11,297 - Knowledge - INFO - Processing batch of 4 files
2026-03-05 05:52:11,555 - Knowledge - INFO - Processing batch of 5 files
2026-03-05 05:52:11,652 - Knowledge - INFO - [WEBSOCKET] Sent: Type=progress_update, Size: 273, Duration: 0ms
2026-03-05 05:52:11,669 - Knowledge - INFO - process ingested knowledge for /app/data/T0015/329127/b993900/tr69hostif-329127/src/hostif/handlers/src/hostIf_MoCAClient_ReqHandler.cpp
2026-03-05 05:52:11,687 - Knowledge - WARNING - Timeout processing /app/data/T0015/329127/b993900/tr69hostif-329127/src/hostif/profiles/wifi/Device_WiFi_Radio.cpp after 90s - using fallback metadata
2026-03-05 05:52:11,690 - Knowledge - INFO - process ingested knowledge for /app/data/T0015/329127/b993900/tr69hostif-329127/src/hostif/handlers/src/hostIf_msgHandler.cpp
2026-03-05 05:52:11,717 - Knowledge - WARNING - Timeout processing /app/data/T0015/329127/b993900/tr69hostif-329127/src/hostif/parodusClient/gtest/dm_test.cpp after 90s - using fallback metadata
2026-03-05 05:52:11,746 - Knowledge - INFO - process ingested knowledge for /app/data/T0015/329127/b993900/tr69hostif-329127/src/hostif/profiles/wifi/Device_WiFi_EndPoint_Profile.h
2026-03-05 05:52:11,894 - Knowledge - INFO - Processing batch of 4 files
2026-03-05 05:52:11,895 - Knowledge - INFO - [WEBSOCKET] Sent: Type=unknown, Size: ?, Duration: 243ms
2026-03-05 05:52:11,980 - Knowledge - INFO - process ingested knowledge for /app/data/T0015/329127/b993900/tr69hostif-329127/src/hostif/handlers/src/hostIf_WiFi_ReqHandler.cpp
2026-03-05 05:52:12,209 - Knowledge - INFO - process ingested knowledge for /app/data/T0015/329127/b993900/tr69hostif-329127/src/hostif/handlers/src/hostIf_IPClient_ReqHandler.cpp
2026-03-05 05:52:12,333 - Knowledge - WARNING - Timeout processing /app/data/T0015/329127/b993900/tr69hostif-329127/src/hostif/httpserver/src/gtest/gtest_httpserver.cpp after 90s - using fallback metadata
2026-03-05 05:52:12,459 - Knowledge - INFO - process ingested knowledge for /app/data/T0015/329127/b993900/tr69hostif-329127/src/hostif/profiles/wifi/Device_WiFi.h
2026-03-05 05:52:12,555 - Knowledge - INFO - process ingested knowledge for /app/data/T0015/329127/b993900/tr69hostif-329127/src/hostif/profiles/wifi/Device_WiFi_X_RDKCENTRAL_COM_ClientRoaming.h
2026-03-05 05:52:12,647 - Knowledge - INFO - Progress: 95.9% | Files: 354/366 | Rate: 0.92 files/sec | Queue: 0
2026-03-05 05:52:12,693 - Knowledge - INFO - Processing batch of 4 files
2026-03-05 05:52:12,698 - Knowledge - INFO - Processing batch of 4 files
2026-03-05 05:52:12,703 - Knowledge - INFO - Processing batch of 4 files
2026-03-05 05:52:12,749 - Knowledge - INFO - process ingested knowledge for /app/data/T0015/329127/b993900/tr69hostif-329127/src/hostif/handlers/src/hostIf_jsonReqHandlerThread.cpp
2026-03-05 05:52:13,071 - Knowledge - INFO - Processing batch of 4 files
2026-03-05 05:52:13,076 - Knowledge - INFO - process ingested knowledge for /app/data/T0015/329127/b993900/tr69hostif-329127/src/hostif/profiles/wifi/Device_WiFi_EndPoint.h
2026-03-05 05:52:13,170 - Knowledge - INFO - process ingested knowledge for /app/data/T0015/329127/b993900/tr69hostif-329127/src/hostif/profiles/wifi/Device_WiFi_EndPoint_WPS.h
2026-03-05 05:52:13,342 - Knowledge - INFO - process ingested knowledge for /app/data/T0015/329127/b993900/tr69hostif-329127/src/hostif/handlers/src/hostIf_EthernetClient_ReqHandler.cpp
2026-03-05 05:52:13,424 - Knowledge - INFO - process ingested knowledge for /app/data/T0015/329127/b993900/tr69hostif-329127/src/hostif/profiles/wifi/Device_WiFi_EndPoint.cpp
2026-03-05 05:52:13,545 - Knowledge - INFO - process ingested knowledge for /app/data/T0015/329127/b993900/tr69hostif-329127/src/hostif/profiles/wifi/Device_WiFi_SSID.cpp
2026-03-05 05:52:13,653 - Knowledge - INFO - process ingested knowledge for /app/data/T0015/329127/b993900/tr69hostif-329127/src/hostif/handlers/src/x_rdk_req_handler.cpp
2026-03-05 05:52:13,759 - Knowledge - INFO - process ingested knowledge for /app/data/T0015/329127/b993900/tr69hostif-329127/src/hostif/parodusClient/gtest/dm_test.cpp
2026-03-05 05:52:13,894 - Knowledge - INFO - process ingested knowledge for /app/data/T0015/329127/b993900/tr69hostif-329127/src/hostif/profiles/wifi/Device_WiFi_Radio.h
2026-03-05 05:52:13,986 - Knowledge - INFO - process ingested knowledge for /app/data/T0015/329127/b993900/tr69hostif-329127/src/hostif/profiles/wifi/Device_WiFi_AccessPoint_WPS.cpp
2026-03-05 05:52:14,073 - Knowledge - INFO - process ingested knowledge for /app/data/T0015/329127/b993900/tr69hostif-329127/src/hostif/handlers/src/hostIf_XREClient_ReqHandler.cpp
2026-03-05 05:52:14,169 - Knowledge - INFO - process ingested knowledge for /app/data/T0015/329127/b993900/tr69hostif-329127/src/hostif/profiles/wifi/Device_WiFi_AccessPoint.h
2026-03-05 05:52:14,258 - Knowledge - INFO - process ingested knowledge for /app/data/T0015/329127/b993900/tr69hostif-329127/src/hostif/profiles/wifi/Device_WiFi_AccessPoint_Security.cpp
2026-03-05 05:52:14,559 - Knowledge - INFO - process ingested knowledge for /app/data/T0015/329127/b993900/tr69hostif-329127/src/hostif/httpserver/src/XrdkCentralComRFCVar.cpp
2026-03-05 05:52:14,677 - Knowledge - INFO - process ingested knowledge for /app/data/T0015/329127/b993900/tr69hostif-329127/src/hostif/profiles/wifi/Device_WiFi_AccessPoint.cpp
2026-03-05 05:52:14,775 - Knowledge - INFO - process ingested knowledge for /app/data/T0015/329127/b993900/tr69hostif-329127/src/hostif/profiles/wifi/Device_WiFi_Radio_Stats.cpp
2026-03-05 05:52:14,801 - Knowledge - INFO - [WEBSOCKET] Sent: Type=progress_update, Size: 273, Duration: 0ms
2026-03-05 05:52:14,873 - Knowledge - INFO - process ingested knowledge for /app/data/T0015/329127/b993900/tr69hostif-329127/src/hostif/handlers/src/hostIf_InterfaceStackClient_ReqHandler.cpp
2026-03-05 05:52:14,965 - Knowledge - INFO - process ingested knowledge for /app/data/T0015/329127/b993900/tr69hostif-329127/src/hostif/profiles/wifi/Device_WiFi_SSID_Stats.cpp
2026-03-05 05:52:15,055 - Knowledge - INFO - process ingested knowledge for /app/data/T0015/329127/b993900/tr69hostif-329127/src/hostif/profiles/wifi/Device_WiFi_AccessPoint_AssociatedDevice.cpp
2026-03-05 05:52:15,134 - Knowledge - INFO - process ingested knowledge for /app/data/T0015/329127/b993900/tr69hostif-329127/src/hostif/httpserver/src/http_server.cpp
2026-03-05 05:52:15,409 - Knowledge - INFO - [WEBSOCKET] Sent: Type=unknown, Size: ?, Duration: 608ms
2026-03-05 05:52:15,599 - Knowledge - INFO - process ingested knowledge for /app/data/T0015/329127/b993900/tr69hostif-329127/src/hostif/handlers/src/hostIf_StorageService_ReqHandler.cpp
2026-03-05 05:52:15,672 - Knowledge - INFO - process ingested knowledge for /app/data/T0015/329127/b993900/tr69hostif-329127/src/hostif/handlers/src/hostIf_TimeClient_ReqHandler.cpp
2026-03-05 05:52:15,793 - Knowledge - INFO - process ingested knowledge for /app/data/T0015/329127/b993900/tr69hostif-329127/src/hostif/profiles/wifi/Device_WiFi_Radio.cpp
2026-03-05 05:52:15,871 - Knowledge - INFO - process ingested knowledge for /app/data/T0015/329127/b993900/tr69hostif-329127/src/hostif/httpserver/src/gtest/gtest_httpserver.cpp
2026-03-05 05:52:15,928 - Knowledge - INFO - Progress: 100.0% | Files: 366/366 | Rate: 0.95 files/sec | Queue: 0
2026-03-05 05:52:17,032 - Knowledge - INFO - Knowledge creation complete
2026-03-05 05:52:17,228 - Knowledge - INFO - ==================================================
2026-03-05 05:52:17,443 - Knowledge - INFO - KNOWLEDGE GRAPH GENERATION PERFORMANCE SUMMARY
2026-03-05 05:52:17,671 - Knowledge - INFO - ==================================================
2026-03-05 05:52:17,880 - Knowledge - INFO - Total processing time: 389.43 seconds (6.49 minutes)
2026-03-05 05:52:18,074 - Knowledge - INFO - Files processed: 0
2026-03-05 05:52:18,286 - Knowledge - INFO - Processing rate: 0.00 files/second
2026-03-05 05:52:18,458 - Knowledge - INFO - 
[TIME_BREAKDOWN]
2026-03-05 05:52:18,666 - Knowledge - INFO - File Reading: 0.00s (0.0%)
2026-03-05 05:52:18,842 - Knowledge - INFO - LLM Processing: 8457.27s (2171.7%)
2026-03-05 05:52:19,016 - Knowledge - INFO - MongoDB Operations: 0.00s (0.0%)
2026-03-05 05:52:19,231 - Knowledge - INFO - Redis Operations: 0.00s (0.0%)
2026-03-05 05:52:19,423 - Knowledge - INFO - WebSocket Communication: 13.49s (3.5%)
2026-03-05 05:52:19,603 - Knowledge - INFO - 
[LLM_STATS]
2026-03-05 05:52:19,799 - Knowledge - INFO - Total LLM calls: 126
2026-03-05 05:52:19,973 - Knowledge - INFO - Average LLM response time: 67121ms
2026-03-05 05:52:20,186 - Knowledge - INFO - Average prompt tokens: 6782.2
2026-03-05 05:52:20,409 - Knowledge - INFO - Average completion tokens: 775.1
2026-03-05 05:52:20,617 - Knowledge - INFO - Total prompt tokens: 854558
2026-03-05 05:52:20,806 - Knowledge - INFO - Total completion tokens: 97662
2026-03-05 05:52:21,018 - Knowledge - INFO - Total LLM cost: $0.1245
2026-03-05 05:52:21,228 - Knowledge - INFO - 
[DATABASE_STATS]
2026-03-05 05:52:21,433 - Knowledge - INFO - MongoDB operations: 0
2026-03-05 05:52:21,645 - Knowledge - INFO - Redis operations: 0
2026-03-05 05:52:21,883 - Knowledge - INFO - 
[COMMUNICATION_STATS]
2026-03-05 05:52:22,103 - Knowledge - INFO - WebSocket messages sent: 53
2026-03-05 05:52:22,289 - Knowledge - INFO - Average message size: 144.8 bytes
2026-03-05 05:52:22,483 - Knowledge - INFO - 
[WORKER_STATS]
2026-03-05 05:52:22,701 - Knowledge - INFO - 
[FILE_TYPE_STATS]
2026-03-05 05:52:22,899 - Knowledge - INFO - 
[SLOWEST_FILES]
2026-03-05 05:52:23,112 - Knowledge - INFO - ==================================================
2026-03-05 05:52:23,364 - Knowledge - INFO - ==================================================
2026-03-05 05:52:23,560 - Knowledge - INFO - KNOWLEDGE GRAPH GENERATION PERFORMANCE SUMMARY
2026-03-05 05:52:23,738 - Knowledge - INFO - ==================================================
2026-03-05 05:52:23,943 - Knowledge - INFO - Total processing time: 395.62 seconds (6.59 minutes)
2026-03-05 05:52:24,163 - Knowledge - INFO - Files processed: 366 of 366
2026-03-05 05:52:24,354 - Knowledge - INFO - Processing rate: 0.93 files/second
2026-03-05 05:52:24,561 - Knowledge - INFO - WebSocket messages sent: 26
2026-03-05 05:52:24,767 - Knowledge - INFO - MongoDB operations: 366
2026-03-05 05:52:24,957 - Knowledge - INFO - Average MongoDB ops per file: 1.00
2026-03-05 05:52:25,196 - Knowledge - INFO - LLM costs: $0.1245
2026-03-05 05:52:25,384 - Knowledge - INFO - Prompt tokens: 854558
2026-03-05 05:52:25,572 - Knowledge - INFO - Completion tokens: 97662
2026-03-05 05:52:25,782 - Knowledge - INFO - Updating org costs, total cost: 0.12452060000000001
2026-03-05 05:52:26,964 - Knowledge - INFO - [WEBSOCKET] Sent: Type=progress_update, Size: 270, Duration: 0ms
2026-03-05 05:52:27,172 - Knowledge - INFO - Saving knowledge to Redis...
2026-03-05 05:52:27,681 - Knowledge - INFO - Knowledge saved to Redis successfully
